lon,lat,value
-178.5,-49.5,0.002280342625454068
-176.5,-49.5,0.002337391022592783
-174.5,-49.5,0.002413660753518343
-172.5,-49.5,0.0024720418732613325
-170.5,-49.5,0.002476215362548828
-168.5,-49.5,0.00241828802973032
-166.5,-49.5,0.0023417025804519653
-164.5,-49.5,0.00225924258120358
-162.5,-49.5,0.002164899604395032
-160.5,-49.5,0.0020317495800554752
-158.5,-49.5,0.001873873407021165
-156.5,-49.5,0.001728973351418972
-154.5,-49.5,0.0016143341781571507
-152.5,-49.5,0.0015336490469053388
-150.5,-49.5,0.0014748908579349518
-148.5,-49.5,0.0014247748767957091
-146.5,-49.5,0.0013703594449907541
-144.5,-49.5,0.0013068591943010688
-142.5,-49.5,0.0012366092996671796
-140.5,-49.5,0.0011674477718770504
-138.5,-49.5,0.0010988633148372173
-136.5,-49.5,0.001032098545692861
-134.5,-49.5,9.697282803244889e-4
-132.5,-49.5,9.125524666160345e-4
-130.5,-49.5,8.591199875809252e-4
-128.5,-49.5,8.088366012088954e-4
-126.5,-49.5,7.625923026353121e-4
-124.5,-49.5,7.198782404884696e-4
-122.5,-49.5,6.793824140913785e-4
-120.5,-49.5,6.413576193153858e-4
-118.5,-49.5,6.048810901120305e-4
-116.5,-49.5,5.700102774426341e-4
-114.5,-49.5,5.369785940274596e-4
-112.5,-49.5,5.0589838065207e-4
-110.5,-49.5,4.765441990457475e-4
-108.5,-49.5,4.490081628318876e-4
-106.5,-49.5,4.234871012158692e-4
-104.5,-49.5,4.001677443739027e-4
-102.5,-49.5,3.7902727490291e-4
-100.5,-49.5,3.599124902393669e-4
-98.5,-49.5,3.427659976296127e-4
-96.5,-49.5,3.2757429289631546e-4
-94.5,-49.5,3.1410562223754823e-4
-92.5,-49.5,3.0190887628123164e-4
-90.5,-49.5,2.9061021632514894e-4
-88.5,-49.5,2.7997701545245945e-4
-86.5,-49.5,2.697763266041875e-4
-84.5,-49.5,2.595281112007797e-4
-82.5,-49.5,0.00024900614516809583
-80.5,-49.5,2.404996193945408e-4
-78.5,-49.5,2.4074585235211998e-4
-76.5,-49.5,2.5798685965128243e-4
-178.5,-47.5,0.0033815777860581875
-176.5,-47.5,0.003923885524272919
-174.5,-47.5,0.004749946296215057
-172.5,-47.5,0.005332816392183304
-170.5,-47.5,0.005491720978170633
-168.5,-47.5,0.005362844560295343
-166.5,-47.5,0.005215360317379236
-164.5,-47.5,0.0050578550435602665
-162.5,-47.5,0.004841741640120745
-160.5,-47.5,0.004332490731030703
-158.5,-47.5,0.0036483476869761944
-156.5,-47.5,0.0031092024873942137
-154.5,-47.5,0.0027463408187031746
-152.5,-47.5,0.002507028402760625
-150.5,-47.5,0.002320928731933236
-148.5,-47.5,0.002154233865439892
-146.5,-47.5,0.001993064535781741
-144.5,-47.5,0.001834003604017198
-142.5,-47.5,0.001692241639830172
-140.5,-47.5,0.0015690360451117158
-138.5,-47.5,0.0014522168785333633
-136.5,-47.5,0.0013392394175752997
-134.5,-47.5,0.0012367721647024155
-132.5,-47.5,0.0011478905798867345
-130.5,-47.5,0.0010697180405259132
-128.5,-47.5,9.99482930637896e-4
-126.5,-47.5,9.381680283695459e-4
-124.5,-47.5,8.824837859719992e-4
-122.5,-47.5,8.296690648421645e-4
-120.5,-47.5,7.786564528942108e-4
-118.5,-47.5,7.297794218175113e-4
-116.5,-47.5,6.846659816801548e-4
-114.5,-47.5,6.43292791210115e-4
-112.5,-47.5,6.051126983948052e-4
-110.5,-47.5,5.697862361557782e-4
-108.5,-47.5,5.364716635085642e-4
-106.5,-47.5,5.062135169282556e-4
-104.5,-47.5,4.7878705663606524e-4
-102.5,-47.5,4.5356363989412785e-4
-100.5,-47.5,4.306372720748186e-4
-98.5,-47.5,4.1070932638831437e-4
-96.5,-47.5,3.938445297535509e-4
-94.5,-47.5,3.7882247124798596e-4
-92.5,-47.5,3.648668935056776e-4
-90.5,-47.5,3.5175526863895357e-4
-88.5,-47.5,3.399164997972548e-4
-86.5,-47.5,3.2929363078437746e-4
-84.5,-47.5,3.1845035846345127e-4
-82.5,-47.5,3.0639246688224375e-4
-80.5,-47.5,2.983426384162158e-4
-78.5,-47.5,3.1529797706753016e-4
-76.5,-47.5,3.832029760815203e-4
-178.5,-45.5,0.008955622091889381
-176.5,-45.5,0.010850435122847557
-174.5,-45.5,0.012956248596310616
-172.5,-45.5,0.015064680948853493
-170.5,-45.5,0.016084935516119003
-168.5,-45.5,0.016474571079015732
-166.5,-45.5,0.016219142824411392
-164.5,-45.5,0.015396528877317905
-162.5,-45.5,0.014313030987977982
-160.5,-45.5,0.012190936133265495
-158.5,-45.5,0.00944213755428791
-156.5,-45.5,0.007268940098583698
-154.5,-45.5,0.005890212021768093
-152.5,-45.5,0.004971110261976719
-150.5,-45.5,0.004266323521733284
-148.5,-45.5,0.003697009291499853
-146.5,-45.5,0.003242486622184515
-144.5,-45.5,0.0028667179867625237
-142.5,-45.5,0.002565742237493396
-140.5,-45.5,0.002326221438124776
-138.5,-45.5,0.002115311101078987
-136.5,-45.5,0.0019200342940166593
-134.5,-45.5,0.0017407811246812344
-132.5,-45.5,0.0015828865580260754
-130.5,-45.5,0.0014521165285259485
-128.5,-45.5,0.0013445635559037328
-126.5,-45.5,0.0012543007032945752
-124.5,-45.5,0.0011706309160217643
-122.5,-45.5,0.0010875262087211013
-120.5,-45.5,0.0010066368849948049
-118.5,-45.5,9.318968513980508e-4
-116.5,-45.5,8.679739548824728e-4
-114.5,-45.5,8.13313527032733e-4
-112.5,-45.5,7.643531425856054e-4
-110.5,-45.5,7.193071069195867e-4
-108.5,-45.5,6.7802460398525e-4
-106.5,-45.5,6.423281156457961e-4
-104.5,-45.5,6.098303128965199e-4
-102.5,-45.5,5.79003943130374e-4
-100.5,-45.5,5.520778940990567e-4
-98.5,-45.5,5.312018911354244e-4
-96.5,-45.5,5.140306311659515e-4
-94.5,-45.5,4.958486533723772e-4
-92.5,-45.5,4.7802081098780036e-4
-90.5,-45.5,4.6229036524891853e-4
-88.5,-45.5,4.5106609468348324e-4
-86.5,-45.5,4.431066336110234e-4
-84.5,-45.5,4.339947772677988e-4
-82.5,-45.5,4.2102334555238485e-4
-80.5,-45.5,4.156771465204656e-4
-78.5,-45.5,4.774749686475843e-4
-76.5,-45.5,5.940166884101927e-4
-178.5,-43.5,0.013294992968440056
-176.5,-43.5,0.014174669049680233
-174.5,-43.5,0.01627526991069317
-172.5,-43.5,0.01903367228806019
-170.5,-43.5,0.022557195276021957
-168.5,-43.5,0.024058517068624496
-166.5,-43.5,0.02382776141166687
-164.5,-43.5,0.02266060560941696
-162.5,-43.5,0.020916370674967766
-160.5,-43.5,0.018952826038002968
-158.5,-43.5,0.01642346754670143
-156.5,-43.5,0.01330555509775877
-154.5,-43.5,0.01068502850830555
-152.5,-43.5,0.00875841360539198
-150.5,-43.5,0.007330288644880056
-148.5,-43.5,0.006245726253837347
-146.5,-43.5,0.005397565197199583
-144.5,-43.5,0.004687877371907234
-142.5,-43.5,0.0041299788281321526
-140.5,-43.5,0.0037320910487324
-138.5,-43.5,0.0034130546264350414
-136.5,-43.5,0.0031058788299560547
-134.5,-43.5,0.0027997877914458513
-132.5,-43.5,0.0025155157782137394
-130.5,-43.5,0.0022853906266391277
-128.5,-43.5,0.002111695008352399
-126.5,-43.5,0.001973358914256096
-124.5,-43.5,0.0018364894203841686
-122.5,-43.5,0.0016915270825847983
-120.5,-43.5,0.0015455364482477307
-118.5,-43.5,0.001409029122442007
-116.5,-43.5,0.001297459937632084
-114.5,-43.5,0.0012074144324287772
-112.5,-43.5,0.0011335976887494326
-110.5,-43.5,0.0010675227968022227
-108.5,-43.5,0.0010080129140987992
-106.5,-43.5,9.569592075422406e-4
-104.5,-43.5,9.147741366177797e-4
-102.5,-43.5,8.771847351454198e-4
-100.5,-43.5,8.475256618112326e-4
-98.5,-43.5,8.281968184746802e-4
-96.5,-43.5,8.055133512243629e-4
-94.5,-43.5,7.709436467848718e-4
-92.5,-43.5,7.453488651663065e-4
-90.5,-43.5,7.25134217645973e-4
-88.5,-43.5,7.214474608190358e-4
-86.5,-43.5,7.251901552081108e-4
-84.5,-43.5,7.194294594228268e-4
-82.5,-43.5,6.99027325026691e-4
-80.5,-43.5,6.882129819132388e-4
-78.5,-43.5,8.315884624607861e-4
-76.5,-43.5,8.957493701018393e-4
-178.5,-41.5,0.012863337993621826
-176.5,-41.5,0.013913453556597233
-174.5,-41.5,0.0171737652271986
-172.5,-41.5,0.022595876827836037
-170.5,-41.5,0.027469366788864136
-168.5,-41.5,0.028658196330070496
-166.5,-41.5,0.02603575587272644
-164.5,-41.5,0.023059437051415443
-162.5,-41.5,0.02020135521888733
-160.5,-41.5,0.017830202355980873
-158.5,-41.5,0.015808720141649246
-156.5,-41.5,0.01348169706761837
-154.5,-41.5,0.011419739574193954
-152.5,-41.5,0.010043853893876076
-150.5,-41.5,0.009064532816410065
-148.5,-41.5,0.008329315111041069
-146.5,-41.5,0.007682217285037041
-144.5,-41.5,0.007038644980639219
-142.5,-41.5,0.006405085325241089
-140.5,-41.5,0.00589683186262846
-138.5,-41.5,0.0055071087554097176
-136.5,-41.5,0.005130324978381395
-134.5,-41.5,0.004732123576104641
-132.5,-41.5,0.004367277957499027
-130.5,-41.5,0.0040677571669220924
-128.5,-41.5,0.003814284922555089
-126.5,-41.5,0.003616903442889452
-124.5,-41.5,0.0033993676770478487
-122.5,-41.5,0.00315729808062315
-120.5,-41.5,0.002909198170527816
-118.5,-41.5,0.0026538665406405926
-116.5,-41.5,0.002435509115457535
-114.5,-41.5,0.002256495412439108
-112.5,-41.5,0.002115568844601512
-110.5,-41.5,0.001995562110096216
-108.5,-41.5,0.0018830220215022564
-106.5,-41.5,0.001785354339517653
-104.5,-41.5,0.001706560142338276
-102.5,-41.5,0.0016380010638386011
-100.5,-41.5,0.0016007457161322236
-98.5,-41.5,0.0015851336065679789
-96.5,-41.5,0.0015176101587712765
-94.5,-41.5,0.0014485918218269944
-92.5,-41.5,0.0014053020859137177
-90.5,-41.5,0.0013804188929498196
-88.5,-41.5,0.0013963094679638743
-86.5,-41.5,0.0014162807492539287
-84.5,-41.5,0.00139426882378757
-82.5,-41.5,0.001321974559687078
-80.5,-41.5,0.0013246918097138405
-78.5,-41.5,0.0016399725573137403
-76.5,-41.5,0.0012151609407737851
-74.5,-41.5,0.0012662226799875498
-178.5,-39.5,0.017159737646579742
-176.5,-39.5,0.017297426238656044
-174.5,-39.5,0.0210142582654953
-172.5,-39.5,0.0282705407589674
-170.5,-39.5,0.031896740198135376
-168.5,-39.5,0.029086939990520477
-166.5,-39.5,0.024546751752495766
-164.5,-39.5,0.021074268966913223
-162.5,-39.5,0.018241925165057182
-160.5,-39.5,0.016054490581154823
-158.5,-39.5,0.014469722285866737
-156.5,-39.5,0.013056488707661629
-154.5,-39.5,0.011638402007520199
-152.5,-39.5,0.01055531483143568
-150.5,-39.5,0.009759051725268364
-148.5,-39.5,0.009128325618803501
-146.5,-39.5,0.00854499265551567
-144.5,-39.5,0.008003120310604572
-142.5,-39.5,0.0074941921047866344
-140.5,-39.5,0.00707832258194685
-138.5,-39.5,0.006713681388646364
-136.5,-39.5,0.0063773333095014095
-134.5,-39.5,0.006070990581065416
-132.5,-39.5,0.005795039236545563
-130.5,-39.5,0.005548039451241493
-128.5,-39.5,0.005238744895905256
-126.5,-39.5,0.004954912234097719
-124.5,-39.5,0.0047250771895051
-122.5,-39.5,0.004516532178968191
-120.5,-39.5,0.004285717383027077
-118.5,-39.5,0.004022629465907812
-116.5,-39.5,0.0037789056077599525
-114.5,-39.5,0.0035526598803699017
-112.5,-39.5,0.0033701416105031967
-110.5,-39.5,0.0032016821205615997
-108.5,-39.5,0.003026207210496068
-106.5,-39.5,0.0028652269393205643
-104.5,-39.5,0.0027158688753843307
-102.5,-39.5,0.002579551888629794
-100.5,-39.5,0.002473055385053158
-98.5,-39.5,0.00239787925966084
-96.5,-39.5,0.0022920528426766396
-94.5,-39.5,0.002217694418504834
-92.5,-39.5,0.0021549034863710403
-90.5,-39.5,0.002095757517963648
-88.5,-39.5,0.0020684993360191584
-86.5,-39.5,0.0020331963896751404
-84.5,-39.5,0.001986207440495491
-82.5,-39.5,0.0019813335966318846
-80.5,-39.5,0.0020204621832817793
-78.5,-39.5,0.0019435747526586056
-76.5,-39.5,0.001858312520198524
-74.5,-39.5,0.001512623275630176
-178.5,-37.5,0.020188314840197563
-176.5,-37.5,0.02241285890340805
-174.5,-37.5,0.030109696090221405
-172.5,-37.5,0.035280294716358185
-170.5,-37.5,0.03145142272114754
-168.5,-37.5,0.026307007297873497
-166.5,-37.5,0.022201279178261757
-164.5,-37.5,0.019026555120944977
-162.5,-37.5,0.01649588532745838
-160.5,-37.5,0.014650064520537853
-158.5,-37.5,0.013304739259183407
-156.5,-37.5,0.012234847992658615
-154.5,-37.5,0.01149282418191433
-152.5,-37.5,0.010904575698077679
-150.5,-37.5,0.010380718857049942
-148.5,-37.5,0.00990940909832716
-146.5,-37.5,0.009360700845718384
-144.5,-37.5,0.00888688676059246
-142.5,-37.5,0.008465536870062351
-140.5,-37.5,0.008103222586214542
-138.5,-37.5,0.007737802341580391
-136.5,-37.5,0.007379965391010046
-134.5,-37.5,0.007046636193990707
-132.5,-37.5,0.006726516410708427
-130.5,-37.5,0.0063951388001441956
-128.5,-37.5,0.006020150147378445
-126.5,-37.5,0.00566398911178112
-124.5,-37.5,0.005375837907195091
-122.5,-37.5,0.005125843919813633
-120.5,-37.5,0.0048747314140200615
-118.5,-37.5,0.004614556673914194
-116.5,-37.5,0.00435117119923234
-114.5,-37.5,0.0041092075407505035
-112.5,-37.5,0.003900323063135147
-110.5,-37.5,0.003701042151078582
-108.5,-37.5,0.003487118985503912
-106.5,-37.5,0.003272856818512082
-104.5,-37.5,0.0030836090445518494
-102.5,-37.5,0.002919177059084177
-100.5,-37.5,0.002769838087260723
-98.5,-37.5,0.0026437602937221527
-96.5,-37.5,0.0025322246365249157
-94.5,-37.5,0.0024425252340734005
-92.5,-37.5,0.0023672878742218018
-90.5,-37.5,0.002309773350134492
-88.5,-37.5,0.0022738869301974773
-86.5,-37.5,0.002255555707961321
-84.5,-37.5,0.0022383579052984715
-82.5,-37.5,0.0022422117181122303
-80.5,-37.5,0.0022906160447746515
-78.5,-37.5,0.002347380854189396
-76.5,-37.5,0.002596092876046896
-74.5,-37.5,0.00295421970076859
-178.5,-35.5,0.026983406394720078
-176.5,-35.5,0.03531395643949509
-174.5,-35.5,0.04156952723860741
-172.5,-35.5,0.03536030650138855
-170.5,-35.5,0.028093766421079636
-168.5,-35.5,0.02338859811425209
-166.5,-35.5,0.020313067361712456
-164.5,-35.5,0.017937174066901207
-162.5,-35.5,0.016064900904893875
-160.5,-35.5,0.014723475091159344
-158.5,-35.5,0.013745917938649654
-156.5,-35.5,0.012945913709700108
-154.5,-35.5,0.012374074198305607
-152.5,-35.5,0.011859195306897163
-150.5,-35.5,0.011314316652715206
-148.5,-35.5,0.010762914083898067
-146.5,-35.5,0.01020791381597519
-144.5,-35.5,0.009690121747553349
-142.5,-35.5,0.009202447719871998
-140.5,-35.5,0.008760250173509121
-138.5,-35.5,0.008347359485924244
-136.5,-35.5,0.00794784165918827
-134.5,-35.5,0.007540932856500149
-132.5,-35.5,0.007136167958378792
-130.5,-35.5,0.006755280774086714
-128.5,-35.5,0.006379404105246067
-126.5,-35.5,0.006027905270457268
-124.5,-35.5,0.005694468505680561
-122.5,-35.5,0.0053557720966637135
-120.5,-35.5,0.005042731296271086
-118.5,-35.5,0.00477259885519743
-116.5,-35.5,0.004505206365138292
-114.5,-35.5,0.004249291494488716
-112.5,-35.5,0.004018151666969061
-110.5,-35.5,0.0037892605178058147
-108.5,-35.5,0.0035640436690300703
-106.5,-35.5,0.003352341940626502
-104.5,-35.5,0.0031629709992557764
-102.5,-35.5,0.00299750454723835
-100.5,-35.5,0.002839303109794855
-98.5,-35.5,0.0026922645047307014
-96.5,-35.5,0.002558173146098852
-94.5,-35.5,0.0024378402158617973
-92.5,-35.5,0.0023351439740508795
-90.5,-35.5,0.002255232073366642
-88.5,-35.5,0.0021949626971036196
-86.5,-35.5,0.002169520128518343
-84.5,-35.5,0.0021738209761679173
-82.5,-35.5,0.0022855105344206095
-80.5,-35.5,0.002450603526085615
-78.5,-35.5,0.002728054765611887
-76.5,-35.5,0.003411285113543272
-74.5,-35.5,0.0026255976408720016
-72.5,-35.5,0.0026555487420409918
-178.5,-33.5,0.04569977521896362
-176.5,-33.5,0.04591705650091171
-174.5,-33.5,0.03818948566913605
-172.5,-33.5,0.031041018664836884
-170.5,-33.5,0.025554601103067398
-168.5,-33.5,0.021944494917988777
-166.5,-33.5,0.019397400319576263
-164.5,-33.5,0.017482029274106026
-162.5,-33.5,0.016028529033064842
-160.5,-33.5,0.015015946701169014
-158.5,-33.5,0.01415291242301464
-156.5,-33.5,0.013326996006071568
-154.5,-33.5,0.012642588466405869
-152.5,-33.5,0.012008974328637123
-150.5,-33.5,0.011403695680201054
-148.5,-33.5,0.01084134541451931
-146.5,-33.5,0.010331233963370323
-144.5,-33.5,0.009846938773989677
-142.5,-33.5,0.009367956779897213
-140.5,-33.5,0.008916511200368404
-138.5,-33.5,0.008503613993525505
-136.5,-33.5,0.00809787679463625
-134.5,-33.5,0.007618040312081575
-132.5,-33.5,0.007128770928829908
-130.5,-33.5,0.006694179493933916
-128.5,-33.5,0.006256455555558205
-126.5,-33.5,0.005805919412523508
-124.5,-33.5,0.005347793456166983
-122.5,-33.5,0.0049486649222671986
-120.5,-33.5,0.004667526576668024
-118.5,-33.5,0.004415495786815882
-116.5,-33.5,0.004148033447563648
-114.5,-33.5,0.0038857527542859316
-112.5,-33.5,0.00364358420483768
-110.5,-33.5,0.0034335351083427668
-108.5,-33.5,0.0032333272974938154
-106.5,-33.5,0.003041014540940523
-104.5,-33.5,0.002868128474801779
-102.5,-33.5,0.0027150956448167562
-100.5,-33.5,0.0025800513103604317
-98.5,-33.5,0.002460696967318654
-96.5,-33.5,0.0023632363881915808
-94.5,-33.5,0.0022975204046815634
-92.5,-33.5,0.0022553240414708853
-90.5,-33.5,0.0022229603491723537
-88.5,-33.5,0.0022153635509312153
-86.5,-33.5,0.002230588812381029
-84.5,-33.5,0.002259443746879697
-82.5,-33.5,0.0023032932076603174
-80.5,-33.5,0.002446164144203067
-78.5,-33.5,0.002756176283583045
-76.5,-33.5,0.0032805546652525663
-74.5,-33.5,0.003418383654206991
-72.5,-33.5,0.0028791758231818676
-178.5,-31.5,0.047991786152124405
-176.5,-31.5,0.0396241657435894
-174.5,-31.5,0.0320320762693882
-172.5,-31.5,0.026130247861146927
-170.5,-31.5,0.022652648389339447
-168.5,-31.5,0.020385470241308212
-166.5,-31.5,0.018665513023734093
-164.5,-31.5,0.017264707013964653
-162.5,-31.5,0.01620461419224739
-160.5,-31.5,0.015448016114532948
-158.5,-31.5,0.014720148406922817
-156.5,-31.5,0.013948061503469944
-154.5,-31.5,0.013240587897598743
-152.5,-31.5,0.012534563429653645
-150.5,-31.5,0.011866130866110325
-148.5,-31.5,0.011244206689298153
-146.5,-31.5,0.010683937929570675
-144.5,-31.5,0.010160084813833237
-142.5,-31.5,0.009636377915740013
-140.5,-31.5,0.009119577705860138
-138.5,-31.5,0.008640643209218979
-136.5,-31.5,0.008176603354513645
-134.5,-31.5,0.007669657003134489
-132.5,-31.5,0.007138249464333057
-130.5,-31.5,0.006628348026424646
-128.5,-31.5,0.006135566160082817
-126.5,-31.5,0.005670492071658373
-124.5,-31.5,0.005252663977444172
-122.5,-31.5,0.004905780777335167
-120.5,-31.5,0.004621256608515978
-118.5,-31.5,0.00434122746810317
-116.5,-31.5,0.004059089347720146
-114.5,-31.5,0.003803854575380683
-112.5,-31.5,0.0035723696928471327
-110.5,-31.5,0.003360423492267728
-108.5,-31.5,0.0031592047307640314
-106.5,-31.5,0.0029656076803803444
-104.5,-31.5,0.0027956762351095676
-102.5,-31.5,0.0026531547773629427
-100.5,-31.5,0.002531451405957341
-98.5,-31.5,0.0024372872430831194
-96.5,-31.5,0.002371611073613167
-94.5,-31.5,0.0023387407418340445
-92.5,-31.5,0.0023191722575575113
-90.5,-31.5,0.0023083635605871677
-88.5,-31.5,0.002306906972080469
-86.5,-31.5,0.0023257287684828043
-84.5,-31.5,0.002349761314690113
-82.5,-31.5,0.002424973528832197
-80.5,-31.5,0.0026055851485580206
-78.5,-31.5,0.002965646330267191
-76.5,-31.5,0.003639675211161375
-74.5,-31.5,0.004296679049730301
-72.5,-31.5,0.005506488494575024
-178.5,-29.5,0.03642449527978897
-176.5,-29.5,0.03180458024144173
-174.5,-29.5,0.026704229414463043
-172.5,-29.5,0.023420769721269608
-170.5,-29.5,0.021426822990179062
-168.5,-29.5,0.019842732697725296
-166.5,-29.5,0.018621990457177162
-164.5,-29.5,0.017564285546541214
-162.5,-29.5,0.016764579340815544
-160.5,-29.5,0.016088290140032768
-158.5,-29.5,0.015409836545586586
-156.5,-29.5,0.014698981307446957
-154.5,-29.5,0.013932403177022934
-152.5,-29.5,0.013190851546823978
-150.5,-29.5,0.01253328938037157
-148.5,-29.5,0.011923955753445625
-146.5,-29.5,0.011357552371919155
-144.5,-29.5,0.010787601582705975
-142.5,-29.5,0.010197216644883156
-140.5,-29.5,0.009596250019967556
-138.5,-29.5,0.009023234248161316
-136.5,-29.5,0.008490457199513912
-134.5,-29.5,0.007940945215523243
-132.5,-29.5,0.007333626039326191
-130.5,-29.5,0.0067793382331728935
-128.5,-29.5,0.006287058349698782
-126.5,-29.5,0.005850912071764469
-124.5,-29.5,0.005475803278386593
-122.5,-29.5,0.005139200948178768
-120.5,-29.5,0.0048272693529725075
-118.5,-29.5,0.004507584031671286
-116.5,-29.5,0.004205823875963688
-114.5,-29.5,0.003943235147744417
-112.5,-29.5,0.0037061176262795925
-110.5,-29.5,0.003488407703116536
-108.5,-29.5,0.003284105332568288
-106.5,-29.5,0.003093104576691985
-104.5,-29.5,0.002923227148130536
-102.5,-29.5,0.002775896107777953
-100.5,-29.5,0.0026579871773719788
-98.5,-29.5,0.0025724645238369703
-96.5,-29.5,0.0025072647258639336
-94.5,-29.5,0.002480947645381093
-92.5,-29.5,0.0024684532545506954
-90.5,-29.5,0.0024500018917024136
-88.5,-29.5,0.0024663840886205435
-86.5,-29.5,0.002516790758818388
-84.5,-29.5,0.0025668598245829344
-82.5,-29.5,0.0026614300440996885
-80.5,-29.5,0.0029013827443122864
-78.5,-29.5,0.0033950391225516796
-76.5,-29.5,0.00419459817931056
-74.5,-29.5,0.0048578460700809956
-72.5,-29.5,0.006043341010808945
-178.5,-27.5,0.02933168224990368
-176.5,-27.5,0.02627057582139969
-174.5,-27.5,0.023916324600577354
-172.5,-27.5,0.022312236949801445
-170.5,-27.5,0.020950688049197197
-168.5,-27.5,0.01967400312423706
-166.5,-27.5,0.018650678917765617
-164.5,-27.5,0.017812134698033333
-162.5,-27.5,0.017155377194285393
-160.5,-27.5,0.016553319990634918
-158.5,-27.5,0.015922918915748596
-156.5,-27.5,0.01525703351944685
-154.5,-27.5,0.01459360308945179
-152.5,-27.5,0.01394591573625803
-150.5,-27.5,0.013304722495377064
-148.5,-27.5,0.012701911851763725
-146.5,-27.5,0.012072185054421425
-144.5,-27.5,0.011403433978557587
-142.5,-27.5,0.010728662833571434
-140.5,-27.5,0.010071233846247196
-138.5,-27.5,0.009474934078752995
-136.5,-27.5,0.00889719557017088
-134.5,-27.5,0.008256346918642521
-132.5,-27.5,0.007654961664229631
-130.5,-27.5,0.007128377910703421
-128.5,-27.5,0.00664880033582449
-126.5,-27.5,0.006208581849932671
-124.5,-27.5,0.005812793504446745
-122.5,-27.5,0.0054342844523489475
-120.5,-27.5,0.0050840796902775764
-118.5,-27.5,0.004743427503854036
-116.5,-27.5,0.004430602770298719
-114.5,-27.5,0.004167342092841864
-112.5,-27.5,0.003935132175683975
-110.5,-27.5,0.003722434164956212
-108.5,-27.5,0.003532653208822012
-106.5,-27.5,0.003366075688973069
-104.5,-27.5,0.003218546509742737
-102.5,-27.5,0.003076067427173257
-100.5,-27.5,0.0029581517446786165
-98.5,-27.5,0.002874387428164482
-96.5,-27.5,0.002816335530951619
-94.5,-27.5,0.0027858607936650515
-92.5,-27.5,0.0027802814729511738
-90.5,-27.5,0.002755393274128437
-88.5,-27.5,0.0027442527934908867
-86.5,-27.5,0.002776513807475567
-84.5,-27.5,0.002836815547198057
-82.5,-27.5,0.0029978901147842407
-80.5,-27.5,0.0033231754787266254
-78.5,-27.5,0.003907584585249424
-76.5,-27.5,0.004712495021522045
-74.5,-27.5,0.005406293086707592
-72.5,-27.5,0.006897757761180401
-178.5,-25.5,0.02464599534869194
-176.5,-25.5,0.02352513000369072
-174.5,-25.5,0.022590715438127518
-172.5,-25.5,0.021606838330626488
-170.5,-25.5,0.02065005712211132
-168.5,-25.5,0.019758233800530434
-166.5,-25.5,0.0189495999366045
-164.5,-25.5,0.018262509256601334
-162.5,-25.5,0.01774393394589424
-160.5,-25.5,0.017185159027576447
-158.5,-25.5,0.016587214544415474
-156.5,-25.5,0.015958428382873535
-154.5,-25.5,0.01533463690429926
-152.5,-25.5,0.014696924015879631
-150.5,-25.5,0.013992579653859138
-148.5,-25.5,0.013274616561830044
-146.5,-25.5,0.012583134695887566
-144.5,-25.5,0.011918424628674984
-142.5,-25.5,0.011236981488764286
-140.5,-25.5,0.010508979670703411
-138.5,-25.5,0.009842530824244022
-136.5,-25.5,0.009240645915269852
-134.5,-25.5,0.00857353676110506
-132.5,-25.5,0.007961750030517578
-130.5,-25.5,0.007395499851554632
-128.5,-25.5,0.006897373590618372
-126.5,-25.5,0.006430143490433693
-124.5,-25.5,0.006006285548210144
-122.5,-25.5,0.005626028869301081
-120.5,-25.5,0.005284559912979603
-118.5,-25.5,0.0049690003506839275
-116.5,-25.5,0.004684982821345329
-114.5,-25.5,0.0044359201565384865
-112.5,-25.5,0.0042150611989200115
-110.5,-25.5,0.004022052511572838
-108.5,-25.5,0.003860398195683956
-106.5,-25.5,0.0037230169400572777
-104.5,-25.5,0.003604013239964843
-102.5,-25.5,0.0035093738697469234
-100.5,-25.5,0.0034287050366401672
-98.5,-25.5,0.0033421998377889395
-96.5,-25.5,0.0032724542543292046
-94.5,-25.5,0.003226829692721367
-92.5,-25.5,0.003206611145287752
-90.5,-25.5,0.0032020523212850094
-88.5,-25.5,0.0032290273811668158
-86.5,-25.5,0.0032095478381961584
-84.5,-25.5,0.0032162275165319443
-82.5,-25.5,0.0034121032804250717
-80.5,-25.5,0.0038237092085182667
-78.5,-25.5,0.004467511549592018
-76.5,-25.5,0.005273511167615652
-74.5,-25.5,0.006076771300286055
-72.5,-25.5,0.008002138696610928
-178.5,-23.5,0.02446187660098076
-176.5,-23.5,0.023991042748093605
-174.5,-23.5,0.023281989619135857
-172.5,-23.5,0.022410156205296516
-170.5,-23.5,0.02153778076171875
-168.5,-23.5,0.020674044266343117
-166.5,-23.5,0.019907236099243164
-164.5,-23.5,0.019325226545333862
-162.5,-23.5,0.01894645020365715
-160.5,-23.5,0.018462367355823517
-158.5,-23.5,0.017875734716653824
-156.5,-23.5,0.017210569232702255
-154.5,-23.5,0.016489526256918907
-152.5,-23.5,0.015760621055960655
-150.5,-23.5,0.014993452467024326
-148.5,-23.5,0.014256666414439678
-146.5,-23.5,0.013512003235518932
-144.5,-23.5,0.01271902397274971
-142.5,-23.5,0.012001088820397854
-140.5,-23.5,0.01126257423311472
-138.5,-23.5,0.010514977388083935
-136.5,-23.5,0.0098257539793849
-134.5,-23.5,0.009141999296844006
-132.5,-23.5,0.008505024015903473
-130.5,-23.5,0.007909148000180721
-128.5,-23.5,0.007373080123215914
-126.5,-23.5,0.006892572157084942
-124.5,-23.5,0.006460555363446474
-122.5,-23.5,0.006078818812966347
-120.5,-23.5,0.005743368063122034
-118.5,-23.5,0.005449156276881695
-116.5,-23.5,0.005183529574424028
-114.5,-23.5,0.00496298260986805
-112.5,-23.5,0.004760816227644682
-110.5,-23.5,0.004573749378323555
-108.5,-23.5,0.004418106749653816
-106.5,-23.5,0.00429037120193243
-104.5,-23.5,0.00418250635266304
-102.5,-23.5,0.004097518511116505
-100.5,-23.5,0.0040292805060744286
-98.5,-23.5,0.0039611016400158405
-96.5,-23.5,0.0038903909735381603
-94.5,-23.5,0.0038319190498441458
-92.5,-23.5,0.0037828560452908278
-90.5,-23.5,0.003750423202291131
-88.5,-23.5,0.003773067146539688
-86.5,-23.5,0.0037727809976786375
-84.5,-23.5,0.0037528949324041605
-82.5,-23.5,0.003944941330701113
-80.5,-23.5,0.00434414716437459
-78.5,-23.5,0.0050115385092794895
-76.5,-23.5,0.0058646369725465775
-74.5,-23.5,0.00670643150806427
-72.5,-23.5,0.008783308789134026
-178.5,-21.5,0.02607150748372078
-176.5,-21.5,0.025665486231446266
-174.5,-21.5,0.025017455220222473
-172.5,-21.5,0.024181751534342766
-170.5,-21.5,0.0233460646122694
-168.5,-21.5,0.022538382560014725
-166.5,-21.5,0.02175784856081009
-164.5,-21.5,0.021205145865678787
-162.5,-21.5,0.0207385141402483
-160.5,-21.5,0.020196126773953438
-158.5,-21.5,0.019621683284640312
-156.5,-21.5,0.019040482118725777
-154.5,-21.5,0.01837853342294693
-152.5,-21.5,0.017559176310896873
-150.5,-21.5,0.01691599376499653
-148.5,-21.5,0.016336536034941673
-146.5,-21.5,0.015488723292946815
-144.5,-21.5,0.014412036165595055
-142.5,-21.5,0.013311750255525112
-140.5,-21.5,0.01247994601726532
-138.5,-21.5,0.01172596774995327
-136.5,-21.5,0.010966895148158073
-134.5,-21.5,0.01020838413387537
-132.5,-21.5,0.009509466588497162
-130.5,-21.5,0.008868432603776455
-128.5,-21.5,0.0082935756072402
-126.5,-21.5,0.0077813658863306046
-124.5,-21.5,0.007327456492930651
-122.5,-21.5,0.006927968468517065
-120.5,-21.5,0.006574538536369801
-118.5,-21.5,0.006269888021051884
-116.5,-21.5,0.005992879159748554
-114.5,-21.5,0.005750010255724192
-112.5,-21.5,0.005548774730414152
-110.5,-21.5,0.005360930226743221
-108.5,-21.5,0.005189788062125444
-106.5,-21.5,0.005023025441914797
-104.5,-21.5,0.004898109473288059
-102.5,-21.5,0.0048123616725206375
-100.5,-21.5,0.004737744573503733
-98.5,-21.5,0.004671517759561539
-96.5,-21.5,0.004598613828420639
-94.5,-21.5,0.004534942097961903
-92.5,-21.5,0.0044679781422019005
-90.5,-21.5,0.004452737979590893
-88.5,-21.5,0.004463677294552326
-86.5,-21.5,0.004416980780661106
-84.5,-21.5,0.004420452751219273
-82.5,-21.5,0.004534250590950251
-80.5,-21.5,0.004822446499019861
-78.5,-21.5,0.005401103291660547
-76.5,-21.5,0.006126376800239086
-74.5,-21.5,0.007121247239410877
-72.5,-21.5,0.009268614463508129
-178.5,-19.5,0.028954578563570976
-176.5,-19.5,0.028459643945097923
-174.5,-19.5,0.027882680296897888
-172.5,-19.5,0.027001526206731796
-170.5,-19.5,0.026152443140745163
-168.5,-19.5,0.02544972114264965
-166.5,-19.5,0.024691008031368256
-164.5,-19.5,0.02414010651409626
-162.5,-19.5,0.023707471787929535
-160.5,-19.5,0.02319376729428768
-158.5,-19.5,0.02270696870982647
-156.5,-19.5,0.02220143936574459
-154.5,-19.5,0.021570749580860138
-152.5,-19.5,0.02123546414077282
-150.5,-19.5,0.020880592986941338
-148.5,-19.5,0.020099127665162086
-146.5,-19.5,0.01879364810883999
-144.5,-19.5,0.017301714047789574
-142.5,-19.5,0.015715887770056725
-140.5,-19.5,0.014459257945418358
-138.5,-19.5,0.013550234958529472
-136.5,-19.5,0.012645984999835491
-134.5,-19.5,0.011789306998252869
-132.5,-19.5,0.011008908972144127
-130.5,-19.5,0.010302860289812088
-128.5,-19.5,0.009669443592429161
-126.5,-19.5,0.009105302393436432
-124.5,-19.5,0.008603223599493504
-122.5,-19.5,0.008151245303452015
-120.5,-19.5,0.007738325744867325
-118.5,-19.5,0.007371785119175911
-116.5,-19.5,0.00704529695212841
-114.5,-19.5,0.00675271637737751
-112.5,-19.5,0.006491001695394516
-110.5,-19.5,0.006259629037231207
-108.5,-19.5,0.00606553116813302
-106.5,-19.5,0.00590190663933754
-104.5,-19.5,0.005782840773463249
-102.5,-19.5,0.005712542682886124
-100.5,-19.5,0.00566881475970149
-98.5,-19.5,0.0056284633465111256
-96.5,-19.5,0.005556440446525812
-94.5,-19.5,0.005508371163159609
-92.5,-19.5,0.005477172322571278
-90.5,-19.5,0.005467863753437996
-88.5,-19.5,0.005550304427742958
-86.5,-19.5,0.005602997727692127
-84.5,-19.5,0.005702704191207886
-82.5,-19.5,0.005835744086652994
-80.5,-19.5,0.00596959562972188
-78.5,-19.5,0.006210186518728733
-76.5,-19.5,0.006765076424926519
-74.5,-19.5,0.0084684444591403
-72.5,-19.5,0.01074636448174715
-178.5,-17.5,0.0332304909825325
-176.5,-17.5,0.0327976793050766
-174.5,-17.5,0.032184407114982605
-172.5,-17.5,0.0313572995364666
-170.5,-17.5,0.030458059161901474
-168.5,-17.5,0.029710745438933372
-166.5,-17.5,0.029083965346217155
-164.5,-17.5,0.028524117544293404
-162.5,-17.5,0.028081852942705154
-160.5,-17.5,0.027649572119116783
-158.5,-17.5,0.027207735925912857
-156.5,-17.5,0.026762522757053375
-154.5,-17.5,0.026840798556804657
-152.5,-17.5,0.026864491403102875
-150.5,-17.5,0.026338474825024605
-148.5,-17.5,0.024997159838676453
-146.5,-17.5,0.02285916358232498
-144.5,-17.5,0.02069373056292534
-142.5,-17.5,0.01865634322166443
-140.5,-17.5,0.01693052612245083
-138.5,-17.5,0.015776319429278374
-136.5,-17.5,0.014739489182829857
-134.5,-17.5,0.013782487250864506
-132.5,-17.5,0.012902266345918179
-130.5,-17.5,0.012085179798305035
-128.5,-17.5,0.011317269876599312
-126.5,-17.5,0.010630492120981216
-124.5,-17.5,0.010015209205448627
-122.5,-17.5,0.00946803204715252
-120.5,-17.5,0.00900535099208355
-118.5,-17.5,0.008622383698821068
-116.5,-17.5,0.008287996053695679
-114.5,-17.5,0.007989470846951008
-112.5,-17.5,0.007713858969509602
-110.5,-17.5,0.007464465219527483
-108.5,-17.5,0.007263511884957552
-106.5,-17.5,0.007135462015867233
-104.5,-17.5,0.007072360720485449
-102.5,-17.5,0.007038414943963289
-100.5,-17.5,0.00708412192761898
-98.5,-17.5,0.0071632456965744495
-96.5,-17.5,0.007170607801526785
-94.5,-17.5,0.007143047172576189
-92.5,-17.5,0.0072020115330815315
-90.5,-17.5,0.007304060272872448
-88.5,-17.5,0.007459374610334635
-86.5,-17.5,0.007605948485434055
-84.5,-17.5,0.007844923995435238
-82.5,-17.5,0.008125140331685543
-80.5,-17.5,0.008110476657748222
-78.5,-17.5,0.00764473807066679
-76.5,-17.5,0.006873266771435738
-74.5,-17.5,0.006792114581912756
-72.5,-17.5,0.010423112660646439
-178.5,-15.5,0.039338938891887665
-176.5,-15.5,0.03879553824663162
-174.5,-15.5,0.03819377347826958
-172.5,-15.5,0.03717842698097229
-170.5,-15.5,0.03601662814617157
-168.5,-15.5,0.03534376993775368
-166.5,-15.5,0.03480544686317444
-164.5,-15.5,0.03435249254107475
-162.5,-15.5,0.033908624202013016
-160.5,-15.5,0.033445242792367935
-158.5,-15.5,0.03310425207018852
-156.5,-15.5,0.03349478542804718
-154.5,-15.5,0.03389160335063934
-152.5,-15.5,0.033460088074207306
-150.5,-15.5,0.03255946561694145
-148.5,-15.5,0.030428536236286163
-146.5,-15.5,0.027520710602402687
-144.5,-15.5,0.024730777367949486
-142.5,-15.5,0.022212741896510124
-140.5,-15.5,0.0201175007969141
-138.5,-15.5,0.018704131245613098
-136.5,-15.5,0.017517855390906334
-134.5,-15.5,0.016448164358735085
-132.5,-15.5,0.015432164072990417
-130.5,-15.5,0.014449930749833584
-128.5,-15.5,0.013536252081394196
-126.5,-15.5,0.012754480354487896
-124.5,-15.5,0.012074964120984077
-122.5,-15.5,0.011461338959634304
-120.5,-15.5,0.010949943214654922
-118.5,-15.5,0.010555851273238659
-116.5,-15.5,0.010215201415121555
-114.5,-15.5,0.009920448064804077
-112.5,-15.5,0.009609365835785866
-110.5,-15.5,0.009317787364125252
-108.5,-15.5,0.009109703823924065
-106.5,-15.5,0.009067265316843987
-104.5,-15.5,0.009086835198104382
-102.5,-15.5,0.009168100543320179
-100.5,-15.5,0.009413507767021656
-98.5,-15.5,0.009716874919831753
-96.5,-15.5,0.009961220435798168
-94.5,-15.5,0.009758486412465572
-92.5,-15.5,0.009825696237385273
-90.5,-15.5,0.010096934624016285
-88.5,-15.5,0.010586036369204521
-86.5,-15.5,0.011020190082490444
-84.5,-15.5,0.01138721127063036
-82.5,-15.5,0.011405915021896362
-80.5,-15.5,0.010065003298223019
-78.5,-15.5,0.011185318231582642
-76.5,-15.5,0.009651041589677334
-74.5,-15.5,0.008119172416627407
-178.5,-13.5,0.04643335938453674
-176.5,-13.5,0.045969460159540176
-174.5,-13.5,0.04550386592745781
-172.5,-13.5,0.044593628495931625
-170.5,-13.5,0.04323963448405266
-168.5,-13.5,0.04260705038905144
-166.5,-13.5,0.04214636608958244
-164.5,-13.5,0.04167465493083
-162.5,-13.5,0.04112790897488594
-160.5,-13.5,0.04062711074948311
-158.5,-13.5,0.040741123259067535
-156.5,-13.5,0.04099642112851143
-154.5,-13.5,0.04046674445271492
-152.5,-13.5,0.03958852216601372
-150.5,-13.5,0.038179002702236176
-148.5,-13.5,0.0358966663479805
-146.5,-13.5,0.03270808607339859
-144.5,-13.5,0.0297897607088089
-142.5,-13.5,0.027654927223920822
-140.5,-13.5,0.02567691169679165
-138.5,-13.5,0.02406192384660244
-136.5,-13.5,0.02270684763789177
-134.5,-13.5,0.021467098966240883
-132.5,-13.5,0.020431935787200928
-130.5,-13.5,0.01938311941921711
-128.5,-13.5,0.018175607547163963
-126.5,-13.5,0.01717725209891796
-124.5,-13.5,0.01636810041964054
-122.5,-13.5,0.01557288970798254
-120.5,-13.5,0.014860790222883224
-118.5,-13.5,0.014332701452076435
-116.5,-13.5,0.013894514180719852
-114.5,-13.5,0.013460434973239899
-112.5,-13.5,0.012894717045128345
-110.5,-13.5,0.012309701181948185
-108.5,-13.5,0.012017207220196724
-106.5,-13.5,0.01204549428075552
-104.5,-13.5,0.012156305834650993
-102.5,-13.5,0.012364550493657589
-100.5,-13.5,0.012791462242603302
-98.5,-13.5,0.01298685185611248
-96.5,-13.5,0.012787159532308578
-94.5,-13.5,0.012737918645143509
-92.5,-13.5,0.01317325234413147
-90.5,-13.5,0.013872494921088219
-88.5,-13.5,0.014297517016530037
-86.5,-13.5,0.01453823409974575
-84.5,-13.5,0.015044399537146091
-82.5,-13.5,0.013845602050423622
-80.5,-13.5,0.01173118781298399
-78.5,-13.5,0.014808195643126965
-178.5,-11.5,0.054563794285058975
-176.5,-11.5,0.054568275809288025
-174.5,-11.5,0.05443671718239784
-172.5,-11.5,0.053618501871824265
-170.5,-11.5,0.05274682119488716
-168.5,-11.5,0.052289146929979324
-166.5,-11.5,0.0519770048558712
-164.5,-11.5,0.05152164772152901
-162.5,-11.5,0.05081413686275482
-160.5,-11.5,0.05037091672420502
-158.5,-11.5,0.05019117519259453
-156.5,-11.5,0.04934608191251755
-154.5,-11.5,0.048145752400159836
-152.5,-11.5,0.04717082902789116
-150.5,-11.5,0.045972712337970734
-148.5,-11.5,0.04404601454734802
-146.5,-11.5,0.041637394577264786
-144.5,-11.5,0.03937593474984169
-142.5,-11.5,0.037680722773075104
-140.5,-11.5,0.035715579986572266
-138.5,-11.5,0.033578820526599884
-136.5,-11.5,0.032004497945308685
-134.5,-11.5,0.030418962240219116
-132.5,-11.5,0.029079217463731766
-130.5,-11.5,0.02791367843747139
-128.5,-11.5,0.026544608175754547
-126.5,-11.5,0.025085924193263054
-124.5,-11.5,0.02372170425951481
-122.5,-11.5,0.022469300776720047
-120.5,-11.5,0.02145819365978241
-118.5,-11.5,0.020584572106599808
-116.5,-11.5,0.019879182800650597
-114.5,-11.5,0.019224897027015686
-112.5,-11.5,0.01819208264350891
-110.5,-11.5,0.017068246379494667
-108.5,-11.5,0.01640871912240982
-106.5,-11.5,0.01621844246983528
-104.5,-11.5,0.01627526991069317
-102.5,-11.5,0.016268379986286163
-100.5,-11.5,0.016183050349354744
-98.5,-11.5,0.015794644132256508
-96.5,-11.5,0.015707822516560555
-94.5,-11.5,0.01616799831390381
-92.5,-11.5,0.01669470965862274
-90.5,-11.5,0.016432153061032295
-88.5,-11.5,0.01606442965567112
-86.5,-11.5,0.0165617186576128
-84.5,-11.5,0.017161620780825615
-82.5,-11.5,0.014738384634256363
-80.5,-11.5,0.010894952341914177
-78.5,-11.5,0.01157284714281559
-178.5,-9.5,0.06598151475191116
-176.5,-9.5,0.06608498841524124
-174.5,-9.5,0.06601692736148834
-172.5,-9.5,0.06651028245687485
-170.5,-9.5,0.06697952002286911
-168.5,-9.5,0.0669536218047142
-166.5,-9.5,0.06701704114675522
-164.5,-9.5,0.06725266575813293
-162.5,-9.5,0.06740424036979675
-160.5,-9.5,0.06690340489149094
-158.5,-9.5,0.0659637376666069
-156.5,-9.5,0.06476050615310669
-154.5,-9.5,0.06310392171144485
-152.5,-9.5,0.061426714062690735
-150.5,-9.5,0.06007668003439903
-148.5,-9.5,0.05785730853676796
-146.5,-9.5,0.05550500378012657
-144.5,-9.5,0.053831133991479874
-142.5,-9.5,0.0519779808819294
-140.5,-9.5,0.04993687570095062
-138.5,-9.5,0.046539876610040665
-136.5,-9.5,0.04450107738375664
-134.5,-9.5,0.042646486312150955
-132.5,-9.5,0.040509406477212906
-130.5,-9.5,0.03850913047790527
-128.5,-9.5,0.03653813153505325
-126.5,-9.5,0.034412022680044174
-124.5,-9.5,0.032795775681734085
-122.5,-9.5,0.032333120703697205
-120.5,-9.5,0.03139977529644966
-118.5,-9.5,0.02993003837764263
-116.5,-9.5,0.02861543744802475
-114.5,-9.5,0.02708670124411583
-112.5,-9.5,0.025580983608961105
-110.5,-9.5,0.024226894602179527
-108.5,-9.5,0.023113828152418137
-106.5,-9.5,0.022390659898519516
-104.5,-9.5,0.021900538355112076
-102.5,-9.5,0.02137417532503605
-100.5,-9.5,0.020807143300771713
-98.5,-9.5,0.020258387550711632
-96.5,-9.5,0.01974673941731453
-94.5,-9.5,0.019541611894965172
-92.5,-9.5,0.01875440962612629
-90.5,-9.5,0.017713293433189392
-88.5,-9.5,0.017130611464381218
-86.5,-9.5,0.01817658729851246
-84.5,-9.5,0.017673738300800323
-82.5,-9.5,0.015002922154963017
-80.5,-9.5,0.010173688642680645
-78.5,-9.5,0.010755953378975391
-178.5,-7.5,0.08673632144927979
-176.5,-7.5,0.08792364597320557
-174.5,-7.5,0.08927147090435028
-172.5,-7.5,0.09048905968666077
-170.5,-7.5,0.09066402167081833
-168.5,-7.5,0.09080225974321365
-166.5,-7.5,0.09189429134130478
-164.5,-7.5,0.09323446452617645
-162.5,-7.5,0.09308269619941711
-160.5,-7.5,0.09198915213346481
-158.5,-7.5,0.08997630327939987
-156.5,-7.5,0.0875084400177002
-154.5,-7.5,0.08463556319475174
-152.5,-7.5,0.0812896341085434
-150.5,-7.5,0.07905924320220947
-148.5,-7.5,0.07713569700717926
-146.5,-7.5,0.07424432039260864
-144.5,-7.5,0.07132957130670547
-142.5,-7.5,0.06852719932794571
-140.5,-7.5,0.06637026369571686
-138.5,-7.5,0.06474488228559494
-136.5,-7.5,0.06286126375198364
-134.5,-7.5,0.060893282294273376
-132.5,-7.5,0.05784033611416817
-130.5,-7.5,0.055125340819358826
-128.5,-7.5,0.05235600471496582
-126.5,-7.5,0.049195971339941025
-124.5,-7.5,0.0460856556892395
-122.5,-7.5,0.04423264041543007
-120.5,-7.5,0.042082302272319794
-118.5,-7.5,0.04037358611822128
-116.5,-7.5,0.03905833140015602
-114.5,-7.5,0.0366571880877018
-112.5,-7.5,0.035216037184000015
-110.5,-7.5,0.03413086757063866
-108.5,-7.5,0.03207435831427574
-106.5,-7.5,0.030297167599201202
-104.5,-7.5,0.028552431613206863
-102.5,-7.5,0.027155963703989983
-100.5,-7.5,0.025702867656946182
-98.5,-7.5,0.024040257558226585
-96.5,-7.5,0.02253921888768673
-94.5,-7.5,0.020860563963651657
-92.5,-7.5,0.0193781815469265
-90.5,-7.5,0.018654396757483482
-88.5,-7.5,0.018813494592905045
-86.5,-7.5,0.02016417123377323
-84.5,-7.5,0.017932601273059845
-82.5,-7.5,0.016035133972764015
-80.5,-7.5,0.0135177131742239
-178.5,-5.5,0.12246391922235489
-176.5,-5.5,0.12457036226987839
-174.5,-5.5,0.12545326352119446
-172.5,-5.5,0.1253359615802765
-170.5,-5.5,0.12450017780065536
-168.5,-5.5,0.12457504123449326
-166.5,-5.5,0.12445488572120667
-164.5,-5.5,0.12408383190631866
-162.5,-5.5,0.12228085100650787
-160.5,-5.5,0.11934442073106766
-158.5,-5.5,0.1156294196844101
-156.5,-5.5,0.11149952560663223
-154.5,-5.5,0.1070067286491394
-152.5,-5.5,0.10060424357652664
-150.5,-5.5,0.09672601521015167
-148.5,-5.5,0.09197311848402023
-146.5,-5.5,0.08652850240468979
-144.5,-5.5,0.08337798714637756
-142.5,-5.5,0.07789070904254913
-140.5,-5.5,0.07198848575353622
-138.5,-5.5,0.06819991022348404
-136.5,-5.5,0.06516203284263611
-134.5,-5.5,0.06146705895662308
-132.5,-5.5,0.05696243420243263
-130.5,-5.5,0.05235464498400688
-128.5,-5.5,0.04775751009583473
-126.5,-5.5,0.04461151733994484
-124.5,-5.5,0.04152010381221771
-122.5,-5.5,0.038302525877952576
-120.5,-5.5,0.03540113940834999
-118.5,-5.5,0.03356975317001343
-116.5,-5.5,0.032442498952150345
-114.5,-5.5,0.031167058274149895
-112.5,-5.5,0.030430588871240616
-110.5,-5.5,0.028988946229219437
-108.5,-5.5,0.027737662196159363
-106.5,-5.5,0.02668355219066143
-104.5,-5.5,0.02508985809981823
-102.5,-5.5,0.02388015203177929
-100.5,-5.5,0.02245914749801159
-98.5,-5.5,0.021053608506917953
-96.5,-5.5,0.020382316783070564
-94.5,-5.5,0.01959550380706787
-92.5,-5.5,0.018882501870393753
-90.5,-5.5,0.0190739706158638
-88.5,-5.5,0.020516034215688705
-86.5,-5.5,0.020431343466043472
-84.5,-5.5,0.019109530374407768
-82.5,-5.5,0.022440440952777863
-178.5,-3.5,0.1279716193675995
-176.5,-3.5,0.1297115534543991
-174.5,-3.5,0.13055625557899475
-172.5,-3.5,0.13002339005470276
-170.5,-3.5,0.12828901410102844
-168.5,-3.5,0.12602639198303223
-166.5,-3.5,0.12199073284864426
-164.5,-3.5,0.11722409725189209
-162.5,-3.5,0.11282031983137131
-160.5,-3.5,0.10915398597717285
-158.5,-3.5,0.1053570806980133
-156.5,-3.5,0.10116375982761383
-154.5,-3.5,0.09595603495836258
-152.5,-3.5,0.08961982280015945
-150.5,-3.5,0.08333539217710495
-148.5,-3.5,0.07720337808132172
-146.5,-3.5,0.07260226458311081
-144.5,-3.5,0.06888464093208313
-142.5,-3.5,0.06382236629724503
-140.5,-3.5,0.0587988942861557
-138.5,-3.5,0.05440549924969673
-136.5,-3.5,0.050458718091249466
-134.5,-3.5,0.047098420560359955
-132.5,-3.5,0.04446664825081825
-130.5,-3.5,0.041378702968358994
-128.5,-3.5,0.039091091603040695
-126.5,-3.5,0.037250228226184845
-124.5,-3.5,0.03492019325494766
-122.5,-3.5,0.03256582096219063
-120.5,-3.5,0.030671147629618645
-118.5,-3.5,0.028600111603736877
-116.5,-3.5,0.027143286541104317
-114.5,-3.5,0.026661144569516182
-112.5,-3.5,0.026378458365797997
-110.5,-3.5,0.024821268394589424
-108.5,-3.5,0.023863423615694046
-106.5,-3.5,0.02312389761209488
-104.5,-3.5,0.022089770063757896
-102.5,-3.5,0.021305888891220093
-100.5,-3.5,0.020992139354348183
-98.5,-3.5,0.021127955988049507
-96.5,-3.5,0.02178959734737873
-94.5,-3.5,0.021336710080504417
-92.5,-3.5,0.020762529224157333
-90.5,-3.5,0.02150413766503334
-88.5,-3.5,0.023391518741846085
-86.5,-3.5,0.022248612716794014
-84.5,-3.5,0.021903349086642265
-82.5,-3.5,0.028901271522045135
-178.5,-1.5,0.10988812893629074
-176.5,-1.5,0.10873068124055862
-174.5,-1.5,0.10630057007074356
-172.5,-1.5,0.10296006500720978
-170.5,-1.5,0.09930745512247086
-168.5,-1.5,0.09620252996683121
-166.5,-1.5,0.09441636502742767
-164.5,-1.5,0.09206884354352951
-162.5,-1.5,0.09014929085969925
-160.5,-1.5,0.08827719837427139
-158.5,-1.5,0.08545611053705215
-156.5,-1.5,0.08273977786302567
-154.5,-1.5,0.0790313184261322
-152.5,-1.5,0.07728219777345657
-150.5,-1.5,0.07290443032979965
-148.5,-1.5,0.06898453086614609
-146.5,-1.5,0.065549835562706
-144.5,-1.5,0.06042049080133438
-142.5,-1.5,0.05728632211685181
-140.5,-1.5,0.05458874627947807
-138.5,-1.5,0.05112516134977341
-136.5,-1.5,0.04862549155950546
-134.5,-1.5,0.046330299228429794
-132.5,-1.5,0.044238775968551636
-130.5,-1.5,0.04312755540013313
-128.5,-1.5,0.0420263409614563
-126.5,-1.5,0.040408920496702194
-124.5,-1.5,0.0389687605202198
-122.5,-1.5,0.036752328276634216
-120.5,-1.5,0.03470923379063606
-118.5,-1.5,0.03367674723267555
-116.5,-1.5,0.031936321407556534
-114.5,-1.5,0.03029504045844078
-112.5,-1.5,0.029415011405944824
-110.5,-1.5,0.028073282912373543
-108.5,-1.5,0.02749045006930828
-106.5,-1.5,0.02748766541481018
-104.5,-1.5,0.027730852365493774
-102.5,-1.5,0.028308341279625893
-100.5,-1.5,0.029104074463248253
-98.5,-1.5,0.03117053583264351
-96.5,-1.5,0.032663680613040924
-94.5,-1.5,0.03011060692369938
-92.5,-1.5,0.026269542053341866
-90.5,-1.5,0.026862408965826035
-88.5,-1.5,0.0271331537514925
-86.5,-1.5,0.02638312056660652
-84.5,-1.5,0.027547361329197884
-82.5,-1.5,0.042263373732566833
-178.5,0.5,0.12386487424373627
-176.5,0.5,0.11744823306798935
-174.5,0.5,0.11391916871070862
-172.5,0.5,0.11105921119451523
-170.5,0.5,0.1066935583949089
-168.5,0.5,0.10288991779088974
-166.5,0.5,0.10327770560979843
-164.5,0.5,0.10407593846321106
-162.5,0.5,0.10212921351194382
-160.5,0.5,0.0987364873290062
-158.5,0.5,0.09372472763061523
-156.5,0.5,0.09137172996997833
-154.5,0.5,0.08624241501092911
-152.5,0.5,0.08254362642765045
-150.5,0.5,0.0791625827550888
-148.5,0.5,0.0744997188448906
-146.5,0.5,0.07136998325586319
-144.5,0.5,0.06693129241466522
-142.5,0.5,0.06344306468963623
-140.5,0.5,0.06104779243469238
-138.5,0.5,0.05716719478368759
-136.5,0.5,0.055072296410799026
-134.5,0.5,0.053381163626909256
-132.5,0.5,0.05040980130434036
-130.5,0.5,0.04929140582680702
-128.5,0.5,0.048502709716558456
-126.5,0.5,0.04507957026362419
-124.5,0.5,0.043576132506132126
-122.5,0.5,0.04303319752216339
-120.5,0.5,0.03873905912041664
-118.5,0.5,0.038112595677375793
-116.5,0.5,0.038983169943094254
-114.5,0.5,0.035055436193943024
-112.5,0.5,0.03425600752234459
-110.5,0.5,0.03451089560985565
-108.5,0.5,0.033374443650245667
-106.5,0.5,0.03396804258227348
-104.5,0.5,0.03549044579267502
-102.5,0.5,0.03692668676376343
-100.5,0.5,0.03760981932282448
-98.5,0.5,0.03725987672805786
-96.5,0.5,0.03894621506333351
-94.5,0.5,0.03177925571799278
-92.5,0.5,0.02792881429195404
-90.5,0.5,0.02758716605603695
-88.5,0.5,0.03018433228135109
-86.5,0.5,0.03349722921848297
-84.5,0.5,0.03673093020915985
-82.5,0.5,0.03894928842782974
-80.5,0.5,0.03854254633188248
-178.5,2.5,0.11359967291355133
-176.5,2.5,0.11119912564754486
-174.5,2.5,0.10776308178901672
-172.5,2.5,0.10531021654605865
-170.5,2.5,0.10350670665502548
-168.5,2.5,0.1011788621544838
-166.5,2.5,0.09872995316982269
-164.5,2.5,0.09702645987272263
-162.5,2.5,0.09350159764289856
-160.5,2.5,0.08962283283472061
-158.5,2.5,0.0849388912320137
-156.5,2.5,0.0810694769024849
-154.5,2.5,0.07712060213088989
-152.5,2.5,0.07382667064666748
-150.5,2.5,0.07119651138782501
-148.5,2.5,0.0674758180975914
-146.5,2.5,0.06450783461332321
-144.5,2.5,0.061860091984272
-142.5,2.5,0.05897562578320503
-140.5,2.5,0.056834056973457336
-138.5,2.5,0.05492757633328438
-136.5,2.5,0.053148165345191956
-134.5,2.5,0.051165204495191574
-132.5,2.5,0.048437826335430145
-130.5,2.5,0.0473410002887249
-128.5,2.5,0.04563635215163231
-126.5,2.5,0.0426984503865242
-124.5,2.5,0.04193541780114174
-122.5,2.5,0.040717922151088715
-120.5,2.5,0.03849928826093674
-118.5,2.5,0.037246666848659515
-116.5,2.5,0.03735894709825516
-114.5,2.5,0.03621410205960274
-112.5,2.5,0.036224812269210815
-110.5,2.5,0.03705620393157005
-108.5,2.5,0.03778152912855148
-106.5,2.5,0.03809930384159088
-104.5,2.5,0.03836383298039436
-102.5,2.5,0.04047217220067978
-100.5,2.5,0.04036066681146622
-98.5,2.5,0.03698599711060524
-96.5,2.5,0.03572036698460579
-94.5,2.5,0.03326868265867233
-92.5,2.5,0.032119493931531906
-90.5,2.5,0.0318937674164772
-88.5,2.5,0.03230520710349083
-86.5,2.5,0.03314245864748955
-84.5,2.5,0.03523110970854759
-82.5,2.5,0.03760484233498573
-80.5,2.5,0.039618756622076035
-78.5,2.5,0.04038992151618004
-178.5,4.5,0.11281201988458633
-176.5,4.5,0.11657223850488663
-174.5,4.5,0.11576593667268753
-172.5,4.5,0.11256424337625504
-170.5,4.5,0.11045919358730316
-168.5,4.5,0.11363247781991959
-166.5,4.5,0.11018965393304825
-164.5,4.5,0.10709964483976364
-162.5,4.5,0.1032836064696312
-160.5,4.5,0.10053501278162003
-158.5,4.5,0.09981121122837067
-156.5,4.5,0.09533673524856567
-154.5,4.5,0.0923987478017807
-152.5,4.5,0.08932964503765106
-150.5,4.5,0.08798612654209137
-148.5,4.5,0.0826105922460556
-146.5,4.5,0.07902836799621582
-144.5,4.5,0.07818760722875595
-142.5,4.5,0.07506191730499268
-140.5,4.5,0.0730065256357193
-138.5,4.5,0.07090506702661514
-136.5,4.5,0.06789471209049225
-134.5,4.5,0.06661145389080048
-132.5,4.5,0.06471288949251175
-130.5,4.5,0.06193111836910248
-128.5,4.5,0.058609504252672195
-126.5,4.5,0.05690663307905197
-124.5,4.5,0.057483427226543427
-122.5,4.5,0.055837128311395645
-120.5,4.5,0.056079886853694916
-118.5,4.5,0.05562916025519371
-116.5,4.5,0.05149516463279724
-114.5,4.5,0.05334268882870674
-112.5,4.5,0.05270562320947647
-110.5,4.5,0.05006168782711029
-108.5,4.5,0.04912569746375084
-106.5,4.5,0.04867241531610489
-104.5,4.5,0.045895323157310486
-102.5,4.5,0.042505428194999695
-100.5,4.5,0.04075334966182709
-98.5,4.5,0.03900202736258507
-96.5,4.5,0.03653917461633682
-94.5,4.5,0.03309911489486694
-92.5,4.5,0.03075873851776123
-90.5,4.5,0.030649833381175995
-88.5,4.5,0.03222931921482086
-86.5,4.5,0.03428308293223381
-84.5,4.5,0.034534625709056854
-82.5,4.5,0.03531390801072121
-80.5,4.5,0.037436433136463165
-78.5,4.5,0.0413973405957222
-178.5,6.5,0.09366852790117264
-176.5,6.5,0.09713077545166016
-174.5,6.5,0.09767407178878784
-172.5,6.5,0.09474087506532669
-170.5,6.5,0.09509884566068649
-168.5,6.5,0.09630224853754044
-166.5,6.5,0.0936179980635643
-164.5,6.5,0.09049312770366669
-162.5,6.5,0.08970904350280762
-160.5,6.5,0.08842833340167999
-158.5,6.5,0.08616531640291214
-156.5,6.5,0.0820808857679367
-154.5,6.5,0.08129611611366272
-152.5,6.5,0.07929529994726181
-150.5,6.5,0.07631669193506241
-148.5,6.5,0.07612445950508118
-146.5,6.5,0.07412762939929962
-144.5,6.5,0.07157792150974274
-142.5,6.5,0.06966158747673035
-140.5,6.5,0.06884882599115372
-138.5,6.5,0.06954291462898254
-136.5,6.5,0.06971263140439987
-134.5,6.5,0.06751881539821625
-132.5,6.5,0.06540892273187637
-130.5,6.5,0.06151850149035454
-128.5,6.5,0.059659119695425034
-126.5,6.5,0.061218857765197754
-124.5,6.5,0.060339801013469696
-122.5,6.5,0.06050131469964981
-120.5,6.5,0.06384334713220596
-118.5,6.5,0.06027893349528313
-116.5,6.5,0.056458212435245514
-114.5,6.5,0.05748620629310608
-112.5,6.5,0.05450174957513809
-110.5,6.5,0.049597177654504776
-108.5,6.5,0.04677220806479454
-106.5,6.5,0.04382167011499405
-104.5,6.5,0.03999782353639603
-102.5,6.5,0.03614373132586479
-100.5,6.5,0.034349847584962845
-98.5,6.5,0.03326414152979851
-96.5,6.5,0.03363528847694397
-94.5,6.5,0.03307334706187248
-92.5,6.5,0.030001970008015633
-90.5,6.5,0.024693792685866356
-88.5,6.5,0.022468535229563713
-86.5,6.5,0.026757437735795975
-84.5,6.5,0.03736170381307602
-82.5,6.5,0.037932999432086945
-80.5,6.5,0.036414746195077896
-78.5,6.5,0.04124085232615471
-178.5,8.5,0.08582988381385803
-176.5,8.5,0.08497229218482971
-174.5,8.5,0.08344299346208572
-172.5,8.5,0.08186888694763184
-170.5,8.5,0.08243490755558014
-168.5,8.5,0.08143031597137451
-166.5,8.5,0.07911724597215652
-164.5,8.5,0.07731527090072632
-162.5,8.5,0.07591520994901657
-160.5,8.5,0.07397536188364029
-158.5,8.5,0.07190077006816864
-156.5,8.5,0.0704861581325531
-154.5,8.5,0.06972701847553253
-152.5,8.5,0.06794131547212601
-150.5,8.5,0.06612870842218399
-148.5,8.5,0.0654493123292923
-146.5,8.5,0.06430604308843613
-144.5,8.5,0.06316860765218735
-142.5,8.5,0.06166018918156624
-140.5,8.5,0.05957895517349243
-138.5,8.5,0.05846962705254555
-136.5,8.5,0.05745634809136391
-134.5,8.5,0.0553286112844944
-132.5,8.5,0.05343480780720711
-130.5,8.5,0.051364220678806305
-128.5,8.5,0.05008579418063164
-126.5,8.5,0.04974733293056488
-124.5,8.5,0.04876803234219551
-122.5,8.5,0.04854242503643036
-120.5,8.5,0.050051674246788025
-118.5,8.5,0.05068613216280937
-116.5,8.5,0.05333268269896507
-114.5,8.5,0.054219525307416916
-112.5,8.5,0.05111842602491379
-110.5,8.5,0.04732522740960121
-108.5,8.5,0.046311523765325546
-106.5,8.5,0.044237054884433746
-104.5,8.5,0.04017317295074463
-102.5,8.5,0.036843497306108475
-100.5,8.5,0.03504612296819687
-98.5,8.5,0.03386608883738518
-96.5,8.5,0.03391633182764053
-94.5,8.5,0.031605374068021774
-92.5,8.5,0.028206586837768555
-90.5,8.5,0.025329042226076126
-88.5,8.5,0.022218575701117516
-86.5,8.5,0.027252187952399254
-84.5,8.5,0.04944244399666786
-178.5,10.5,0.0881088525056839
-176.5,10.5,0.08706314861774445
-174.5,10.5,0.0856555849313736
-172.5,10.5,0.08468496054410934
-170.5,10.5,0.08348618447780609
-168.5,10.5,0.08161938935518265
-166.5,10.5,0.08098292350769043
-164.5,10.5,0.0804557204246521
-162.5,10.5,0.08051784336566925
-160.5,10.5,0.0797700509428978
-158.5,10.5,0.07802601903676987
-156.5,10.5,0.07703874260187149
-154.5,10.5,0.07766769081354141
-152.5,10.5,0.07691587507724762
-150.5,10.5,0.07481804490089417
-148.5,10.5,0.07225128263235092
-146.5,10.5,0.06917671859264374
-144.5,10.5,0.06701694428920746
-142.5,10.5,0.06521618366241455
-140.5,10.5,0.06344398856163025
-138.5,10.5,0.062014658004045486
-136.5,10.5,0.05990496277809143
-134.5,10.5,0.05713629350066185
-132.5,10.5,0.054173216223716736
-130.5,10.5,0.05156656354665756
-128.5,10.5,0.04984649270772934
-126.5,10.5,0.04889542981982231
-124.5,10.5,0.04779817536473274
-122.5,10.5,0.047136131674051285
-120.5,10.5,0.04642809182405472
-118.5,10.5,0.0459643229842186
-116.5,10.5,0.04654700309038162
-114.5,10.5,0.046191371977329254
-112.5,10.5,0.04537678509950638
-110.5,10.5,0.04442211985588074
-108.5,10.5,0.04400566592812538
-106.5,10.5,0.044281601905822754
-104.5,10.5,0.044263582676649094
-102.5,10.5,0.04390980303287506
-100.5,10.5,0.039948537945747375
-98.5,10.5,0.034203726798295975
-96.5,10.5,0.03418225422501564
-94.5,10.5,0.032797057181596756
-92.5,10.5,0.03607770800590515
-90.5,10.5,0.03536108881235123
-88.5,10.5,0.025200411677360535
-86.5,10.5,0.03188875690102577
-82.5,10.5,0.0015288065187633038
-80.5,10.5,0.0015177911845967174
-78.5,10.5,0.0015963806072250009
-76.5,10.5,0.001409783842973411
-74.5,10.5,0.0014519523829221725
-178.5,12.5,0.06526073068380356
-176.5,12.5,0.06480582803487778
-174.5,12.5,0.06357789039611816
-172.5,12.5,0.06232765316963196
-170.5,12.5,0.061965517699718475
-168.5,12.5,0.06324435025453568
-166.5,12.5,0.06592892110347748
-164.5,12.5,0.07014089822769165
-162.5,12.5,0.07493609935045242
-160.5,12.5,0.07781891524791718
-158.5,12.5,0.08000301569700241
-156.5,12.5,0.08181996643543243
-154.5,12.5,0.08219882100820541
-152.5,12.5,0.08222723752260208
-150.5,12.5,0.08001866936683655
-148.5,12.5,0.07667140662670135
-146.5,12.5,0.07346192002296448
-144.5,12.5,0.07060681283473969
-142.5,12.5,0.0682944655418396
-140.5,12.5,0.06664186716079712
-138.5,12.5,0.06432661414146423
-136.5,12.5,0.06141829118132591
-134.5,12.5,0.05725007876753807
-132.5,12.5,0.05367996171116829
-130.5,12.5,0.051043327897787094
-128.5,12.5,0.04889586940407753
-126.5,12.5,0.047190044075250626
-124.5,12.5,0.04570755735039711
-122.5,12.5,0.044119372963905334
-120.5,12.5,0.04159495234489441
-118.5,12.5,0.03983188420534134
-116.5,12.5,0.03872354328632355
-114.5,12.5,0.03782787546515465
-112.5,12.5,0.03716662898659706
-110.5,12.5,0.03784544765949249
-108.5,12.5,0.040786612778902054
-106.5,12.5,0.04636163264513016
-104.5,12.5,0.05256401747465134
-102.5,12.5,0.06157608702778816
-100.5,12.5,0.05746598169207573
-98.5,12.5,0.042924489825963974
-96.5,12.5,0.03864961862564087
-94.5,12.5,0.04076514393091202
-92.5,12.5,0.048026539385318756
-90.5,12.5,0.04280906543135643
-88.5,12.5,0.027397356927394867
-86.5,12.5,0.02996026538312435
-82.5,12.5,0.0015965851489454508
-80.5,12.5,0.0014812367735430598
-78.5,12.5,0.0014905438292771578
-76.5,12.5,0.001475817640312016
-74.5,12.5,0.0015257587656378746
-72.5,12.5,0.0017959001706913114
-70.5,12.5,0.00197490188293159
-178.5,14.5,0.052020780742168427
-176.5,14.5,0.051335133612155914
-174.5,14.5,0.05024934187531471
-172.5,14.5,0.04893584921956062
-170.5,14.5,0.04761923477053642
-168.5,14.5,0.04670668765902519
-166.5,14.5,0.046491559594869614
-164.5,14.5,0.04688189551234245
-162.5,14.5,0.04756805673241615
-160.5,14.5,0.04841131344437599
-158.5,14.5,0.049942463636398315
-156.5,14.5,0.052569951862096786
-154.5,14.5,0.054995086044073105
-152.5,14.5,0.057215768843889236
-150.5,14.5,0.058139458298683167
-148.5,14.5,0.05782526731491089
-146.5,14.5,0.05664268508553505
-144.5,14.5,0.05528935045003891
-142.5,14.5,0.053965408354997635
-140.5,14.5,0.05231669172644615
-138.5,14.5,0.05037518963217735
-136.5,14.5,0.04824453964829445
-134.5,14.5,0.045576199889183044
-132.5,14.5,0.04238713160157204
-130.5,14.5,0.039024680852890015
-128.5,14.5,0.03648023679852486
-126.5,14.5,0.035091519355773926
-124.5,14.5,0.034251123666763306
-122.5,14.5,0.03310573473572731
-120.5,14.5,0.031489819288253784
-118.5,14.5,0.03012951835989952
-116.5,14.5,0.029246659949421883
-114.5,14.5,0.028786206617951393
-112.5,14.5,0.028605496510863304
-110.5,14.5,0.02857827953994274
-108.5,14.5,0.03049960918724537
-106.5,14.5,0.03472375497221947
-104.5,14.5,0.04002537578344345
-102.5,14.5,0.0477120615541935
-100.5,14.5,0.05167507752776146
-98.5,14.5,0.04580230638384819
-96.5,14.5,0.03585381805896759
-94.5,14.5,0.04111552983522415
-92.5,14.5,0.045221325010061264
-90.5,14.5,0.04384596645832062
-84.5,14.5,0.0014549432089552283
-82.5,14.5,0.001443212036974728
-80.5,14.5,0.0014280573232099414
-78.5,14.5,0.0014748306712135673
-76.5,14.5,0.0015194551087915897
-74.5,14.5,0.0016800945159047842
-72.5,14.5,0.0017473576590418816
-70.5,14.5,0.0018937182612717152
-178.5,16.5,0.04419773444533348
-176.5,16.5,0.043758124113082886
-174.5,16.5,0.043208085000514984
-172.5,16.5,0.042464036494493484
-170.5,16.5,0.041420597583055496
-168.5,16.5,0.0402008593082428
-166.5,16.5,0.03896670415997505
-164.5,16.5,0.037823550403118134
-162.5,16.5,0.036738406866788864
-160.5,16.5,0.03565683588385582
-158.5,16.5,0.03501836955547333
-156.5,16.5,0.03516256436705589
-154.5,16.5,0.03616081550717354
-152.5,16.5,0.03724338114261627
-150.5,16.5,0.03800622373819351
-148.5,16.5,0.03875057026743889
-146.5,16.5,0.03856087476015091
-144.5,16.5,0.03739968687295914
-142.5,16.5,0.036135051399469376
-140.5,16.5,0.03485758230090141
-138.5,16.5,0.033679306507110596
-136.5,16.5,0.032402243465185165
-134.5,16.5,0.030771737918257713
-132.5,16.5,0.028543857857584953
-130.5,16.5,0.02640518732368946
-128.5,16.5,0.024881886318325996
-126.5,16.5,0.02382410503923893
-124.5,16.5,0.023377612233161926
-122.5,16.5,0.02280656434595585
-120.5,16.5,0.02218804694712162
-118.5,16.5,0.021705199033021927
-116.5,16.5,0.021492881700396538
-114.5,16.5,0.021255088970065117
-112.5,16.5,0.02101067267358303
-110.5,16.5,0.020577197894454002
-108.5,16.5,0.020981641486287117
-106.5,16.5,0.024136995896697044
-104.5,16.5,0.029708944261074066
-102.5,16.5,0.034077491611242294
-100.5,16.5,0.038000527769327164
-98.5,16.5,0.04236806556582451
-86.5,16.5,0.0013546772534027696
-84.5,16.5,0.0013429636601358652
-82.5,16.5,0.0013639031676575541
-80.5,16.5,0.0013906561071053147
-78.5,16.5,0.0014308950630947948
-76.5,16.5,0.0014994952362030745
-74.5,16.5,0.0015918987337499857
-72.5,16.5,0.001679154229350388
-70.5,16.5,0.001818223623558879
-178.5,18.5,0.0369466207921505
-176.5,18.5,0.03654002770781517
-174.5,18.5,0.03601641207933426
-172.5,18.5,0.035466186702251434
-170.5,18.5,0.0348433218896389
-168.5,18.5,0.034151315689086914
-166.5,18.5,0.033374615013599396
-164.5,18.5,0.03254608437418938
-162.5,18.5,0.03172196447849274
-160.5,18.5,0.030857734382152557
-158.5,18.5,0.030158746987581253
-156.5,18.5,0.029485156759619713
-154.5,18.5,0.028621312230825424
-152.5,18.5,0.028129495680332184
-150.5,18.5,0.027865204960107803
-148.5,18.5,0.02759855054318905
-146.5,18.5,0.02718200348317623
-144.5,18.5,0.026504918932914734
-142.5,18.5,0.02572041191160679
-140.5,18.5,0.02489004284143448
-138.5,18.5,0.024087168276309967
-136.5,18.5,0.023302536457777023
-134.5,18.5,0.02240455523133278
-132.5,18.5,0.021086152642965317
-130.5,18.5,0.019761042669415474
-128.5,18.5,0.018806077539920807
-126.5,18.5,0.01818624883890152
-124.5,18.5,0.0179985910654068
-122.5,18.5,0.01765388436615467
-120.5,18.5,0.017355507239699364
-118.5,18.5,0.01727900467813015
-116.5,18.5,0.017209289595484734
-114.5,18.5,0.017006034031510353
-112.5,18.5,0.016772562637925148
-110.5,18.5,0.016848014667630196
-108.5,18.5,0.01773713529109955
-106.5,18.5,0.020489567890763283
-104.5,18.5,0.02279791049659252
-102.5,18.5,0.030113013461232185
-86.5,18.5,0.0012911662925034761
-84.5,18.5,0.0013011811533942819
-82.5,18.5,0.001306313555687666
-80.5,18.5,0.0013356623239815235
-78.5,18.5,0.00138064194470644
-76.5,18.5,0.0014413598692044616
-74.5,18.5,0.001520800986327231
-72.5,18.5,0.001638914691284299
-70.5,18.5,0.0017462370451539755
-178.5,20.5,0.030641116201877594
-176.5,20.5,0.03031921572983265
-174.5,20.5,0.02994505502283573
-172.5,20.5,0.02951977215707302
-170.5,20.5,0.028981424868106842
-168.5,20.5,0.028408078476786613
-166.5,20.5,0.027800632640719414
-164.5,20.5,0.02710113488137722
-162.5,20.5,0.026318451389670372
-160.5,20.5,0.025642042979598045
-158.5,20.5,0.025260062888264656
-156.5,20.5,0.025035958737134933
-154.5,20.5,0.02427699789404869
-152.5,20.5,0.023646634072065353
-150.5,20.5,0.02322077564895153
-148.5,20.5,0.022786034271121025
-146.5,20.5,0.022219952195882797
-144.5,20.5,0.021519847214221954
-142.5,20.5,0.020800331607460976
-140.5,20.5,0.020082028582692146
-138.5,20.5,0.019306330010294914
-136.5,20.5,0.018500646576285362
-134.5,20.5,0.01779180020093918
-132.5,20.5,0.016938894987106323
-130.5,20.5,0.01621004194021225
-128.5,20.5,0.01577143743634224
-126.5,20.5,0.015352153219282627
-124.5,20.5,0.015460602007806301
-122.5,20.5,0.01533973403275013
-120.5,20.5,0.015232487581670284
-118.5,20.5,0.015493372455239296
-116.5,20.5,0.015677040442824364
-114.5,20.5,0.01583179086446762
-112.5,20.5,0.01547012384980917
-110.5,20.5,0.015526753850281239
-108.5,20.5,0.017143448814749718
-106.5,20.5,0.018356410786509514
-104.5,20.5,0.021047642454504967
-96.5,20.5,0.0013585197739303112
-94.5,20.5,0.0013128030113875866
-92.5,20.5,0.0013113070745021105
-90.5,20.5,0.0012888005003333092
-86.5,20.5,0.0012441357830539346
-84.5,20.5,0.001216065720655024
-82.5,20.5,0.0012319182278588414
-80.5,20.5,0.0012925835326313972
-78.5,20.5,0.0013500878121703863
-76.5,20.5,0.001393437385559082
-72.5,20.5,0.0016054543666541576
-70.5,20.5,0.0016746275359764695
-178.5,22.5,0.02613970637321472
-176.5,22.5,0.02574412152171135
-174.5,22.5,0.02535603940486908
-172.5,22.5,0.024988852441310883
-170.5,22.5,0.024567922577261925
-168.5,22.5,0.024161241948604584
-166.5,22.5,0.023760341107845306
-164.5,22.5,0.023268865421414375
-162.5,22.5,0.022620607167482376
-160.5,22.5,0.021872345358133316
-158.5,22.5,0.021230492740869522
-156.5,22.5,0.020759940147399902
-154.5,22.5,0.020205553621053696
-152.5,22.5,0.019686294719576836
-150.5,22.5,0.01928582787513733
-148.5,22.5,0.018900636583566666
-146.5,22.5,0.0184246264398098
-144.5,22.5,0.017751386389136314
-142.5,22.5,0.017009388655424118
-140.5,22.5,0.016307035461068153
-138.5,22.5,0.01572580263018608
-136.5,22.5,0.015200020745396614
-134.5,22.5,0.014734312891960144
-132.5,22.5,0.01428565289825201
-130.5,22.5,0.013941286131739616
-128.5,22.5,0.013624941930174828
-126.5,22.5,0.013452718034386635
-124.5,22.5,0.013818683102726936
-122.5,22.5,0.013967541977763176
-120.5,22.5,0.01408004853874445
-118.5,22.5,0.01443218719214201
-116.5,22.5,0.014927538111805916
-114.5,22.5,0.015400865115225315
-112.5,22.5,0.015036647208034992
-110.5,22.5,0.01437107753008604
-108.5,22.5,0.01544705405831337
-106.5,22.5,0.01561888586729765
-96.5,22.5,0.0013477085158228874
-94.5,22.5,0.001325397053733468
-92.5,22.5,0.0013089095009490848
-90.5,22.5,0.0013075349852442741
-88.5,22.5,0.0012726333225145936
-86.5,22.5,0.0012274233158677816
-84.5,22.5,0.0012007096083834767
-82.5,22.5,0.0011987315956503153
-80.5,22.5,0.0012452692026272416
-74.5,22.5,0.0013559330254793167
-72.5,22.5,0.001471079420298338
-70.5,22.5,0.0015760620590299368
-178.5,24.5,0.023435750976204872
-176.5,24.5,0.0230446457862854
-174.5,24.5,0.022627592086791992
-172.5,24.5,0.022157641127705574
-170.5,24.5,0.021677939221262932
-168.5,24.5,0.021147236227989197
-166.5,24.5,0.020532159134745598
-164.5,24.5,0.01992301270365715
-162.5,24.5,0.019297383725643158
-160.5,24.5,0.01872967556118965
-158.5,24.5,0.01818106323480606
-156.5,24.5,0.01765924133360386
-154.5,24.5,0.017026180401444435
-152.5,24.5,0.01650959625840187
-150.5,24.5,0.016083093360066414
-148.5,24.5,0.015637900680303574
-146.5,24.5,0.015141279436647892
-144.5,24.5,0.014627603814005852
-142.5,24.5,0.014142056927084923
-140.5,24.5,0.01373374555259943
-138.5,24.5,0.01332850567996502
-136.5,24.5,0.013020245358347893
-134.5,24.5,0.0127831706777215
-132.5,24.5,0.012545173987746239
-130.5,24.5,0.012248843908309937
-128.5,24.5,0.012169408611953259
-126.5,24.5,0.012317215092480183
-124.5,24.5,0.012890626676380634
-122.5,24.5,0.013258623890578747
-120.5,24.5,0.013414982706308365
-118.5,24.5,0.014302082359790802
-116.5,24.5,0.015241253189742565
-114.5,24.5,0.015970753505825996
-112.5,24.5,0.014955961145460606
-110.5,24.5,0.015276317484676838
-108.5,24.5,0.015250795520842075
-96.5,24.5,0.0013178217923268676
-94.5,24.5,0.0013022691709920764
-92.5,24.5,0.0013295207172632217
-90.5,24.5,0.0013071616413071752
-88.5,24.5,0.001310964347794652
-86.5,24.5,0.001248814514838159
-84.5,24.5,0.0012046353658661246
-82.5,24.5,0.0011302188504487276
-80.5,24.5,0.0011565876193344593
-78.5,24.5,0.0011759044136852026
-76.5,24.5,0.0012178522301837802
-74.5,24.5,0.0013348347274586558
-72.5,24.5,0.0014792920555919409
-70.5,24.5,0.0016100197099149227
-178.5,26.5,0.022243527695536613
-176.5,26.5,0.021652361378073692
-174.5,26.5,0.021163079887628555
-172.5,26.5,0.020594481378793716
-170.5,26.5,0.02002868987619877
-168.5,26.5,0.01946922577917576
-166.5,26.5,0.018773317337036133
-164.5,26.5,0.017956748604774475
-162.5,26.5,0.017236461862921715
-160.5,26.5,0.016640091314911842
-158.5,26.5,0.016072800382971764
-156.5,26.5,0.015383580699563026
-154.5,26.5,0.014775151386857033
-152.5,26.5,0.014291941188275814
-150.5,26.5,0.013837303966283798
-148.5,26.5,0.013329163193702698
-146.5,26.5,0.012872349470853806
-144.5,26.5,0.012461179867386818
-142.5,26.5,0.012097629718482494
-140.5,26.5,0.01185529213398695
-138.5,26.5,0.01166641153395176
-136.5,26.5,0.011492712423205376
-134.5,26.5,0.011283785104751587
-132.5,26.5,0.011130339466035366
-130.5,26.5,0.011129490099847317
-128.5,26.5,0.011448300443589687
-126.5,26.5,0.01208767294883728
-124.5,26.5,0.01270468719303608
-122.5,26.5,0.013118552975356579
-120.5,26.5,0.013789838179945946
-118.5,26.5,0.014770548790693283
-116.5,26.5,0.015942201018333435
-114.5,26.5,0.014772755093872547
-112.5,26.5,0.014814596623182297
-96.5,26.5,0.0013183370465412736
-94.5,26.5,0.001288285362534225
-92.5,26.5,0.0012502389727160335
-90.5,26.5,0.001255743787623942
-88.5,26.5,0.0012760104145854712
-86.5,26.5,0.0013818247243762016
-84.5,26.5,0.0013454373693093657
-82.5,26.5,0.0012217508628964424
-80.5,26.5,0.0012119151651859283
-78.5,26.5,0.001194720040075481
-76.5,26.5,0.001221990562044084
-74.5,26.5,0.0013213673373684287
-72.5,26.5,0.0014445455744862556
-70.5,26.5,0.001551085733808577
-178.5,28.5,0.025193508714437485
-176.5,28.5,0.02429475449025631
-174.5,28.5,0.023472964763641357
-172.5,28.5,0.022687526419758797
-170.5,28.5,0.022022850811481476
-168.5,28.5,0.021263793110847473
-166.5,28.5,0.02027284726500511
-164.5,28.5,0.019155258312821388
-162.5,28.5,0.01816137321293354
-160.5,28.5,0.017353493720293045
-158.5,28.5,0.01655782014131546
-156.5,28.5,0.015569976530969143
-154.5,28.5,0.014568371698260307
-152.5,28.5,0.01369596179574728
-150.5,28.5,0.012890825979411602
-148.5,28.5,0.012322044000029564
-146.5,28.5,0.011847046203911304
-144.5,28.5,0.011503731831908226
-142.5,28.5,0.011061709374189377
-140.5,28.5,0.010768731124699116
-138.5,28.5,0.010555007494986057
-136.5,28.5,0.010388637892901897
-134.5,28.5,0.010344499722123146
-132.5,28.5,0.010403484106063843
-130.5,28.5,0.010638929903507233
-128.5,28.5,0.011120031587779522
-126.5,28.5,0.012084433808922768
-124.5,28.5,0.0130847143009305
-122.5,28.5,0.014255635440349579
-120.5,28.5,0.01510588638484478
-118.5,28.5,0.015764351934194565
-116.5,28.5,0.015234171412885189
-114.5,28.5,0.014079006388783455
-92.5,28.5,0.001288590137846768
-90.5,28.5,0.0013217460364103317
-88.5,28.5,0.0013930666027590632
-86.5,28.5,0.00148527801502496
-84.5,28.5,0.0014446062268689275
-80.5,28.5,0.0012558222515508533
-78.5,28.5,0.0011718000750988722
-76.5,28.5,0.0011981057468801737
-74.5,28.5,0.001280978205613792
-72.5,28.5,0.0013754824176430702
-70.5,28.5,0.0014647822827100754
-178.5,30.5,0.031138889491558075
-176.5,30.5,0.03052007220685482
-174.5,30.5,0.02958291955292225
-172.5,30.5,0.028714150190353394
-170.5,30.5,0.027946388348937035
-168.5,30.5,0.027032608166337013
-166.5,30.5,0.025710497051477432
-164.5,30.5,0.0239633247256279
-162.5,30.5,0.02236555516719818
-160.5,30.5,0.021070746704936028
-158.5,30.5,0.01975698210299015
-156.5,30.5,0.018237093463540077
-154.5,30.5,0.016501301899552345
-152.5,30.5,0.014939697459340096
-150.5,30.5,0.013567502610385418
-148.5,30.5,0.01247464306652546
-146.5,30.5,0.011768900789320469
-144.5,30.5,0.011293218471109867
-142.5,30.5,0.010916247963905334
-140.5,30.5,0.010844659991562366
-138.5,30.5,0.010610450990498066
-136.5,30.5,0.010324686765670776
-134.5,30.5,0.010060636326670647
-132.5,30.5,0.010018058121204376
-130.5,30.5,0.010297702625393867
-128.5,30.5,0.011383327655494213
-126.5,30.5,0.013105758465826511
-124.5,30.5,0.015219244174659252
-122.5,30.5,0.01643797755241394
-120.5,30.5,0.016783570870757103
-118.5,30.5,0.015841390937566757
-116.5,30.5,0.010438917204737663
-114.5,30.5,0.011995258741080761
-80.5,30.5,0.001323501579463482
-78.5,30.5,0.00123888673260808
-76.5,30.5,0.0011882508406415582
-74.5,30.5,0.0012118187732994556
-72.5,30.5,0.0013062702491879463
-70.5,30.5,0.0013940554345026612
-178.5,32.5,0.035145461559295654
-176.5,32.5,0.03468499705195427
-174.5,32.5,0.03392412140965462
-172.5,32.5,0.0330868624150753
-170.5,32.5,0.03247363865375519
-168.5,32.5,0.03117281012237072
-166.5,32.5,0.02942243590950966
-164.5,32.5,0.02725313976407051
-162.5,32.5,0.0252954363822937
-160.5,32.5,0.023680802434682846
-158.5,32.5,0.022019140422344208
-156.5,32.5,0.020179057493805885
-154.5,32.5,0.0183982253074646
-152.5,32.5,0.016770636662840843
-150.5,32.5,0.015520681627094746
-148.5,32.5,0.014340760186314583
-146.5,32.5,0.013290767557919025
-144.5,32.5,0.012505682185292244
-142.5,32.5,0.01193967554718256
-140.5,32.5,0.01123875193297863
-138.5,32.5,0.010679748840630054
-136.5,32.5,0.010186698287725449
-134.5,32.5,0.01003921590745449
-132.5,32.5,0.01013430766761303
-130.5,32.5,0.010728598572313786
-128.5,32.5,0.012006516568362713
-126.5,32.5,0.014359746128320694
-124.5,32.5,0.01730964705348015
-122.5,32.5,0.019650069996714592
-120.5,32.5,0.022188853472471237
-118.5,32.5,0.012336945161223412
-116.5,32.5,0.011254137381911278
-78.5,32.5,0.001219150610268116
-76.5,32.5,0.0011360091157257557
-74.5,32.5,0.0011475977953523397
-72.5,32.5,0.00120068050455302
-70.5,32.5,0.0012884956086054444
-178.5,34.5,0.04033457487821579
-176.5,34.5,0.03900706768035889
-174.5,34.5,0.03839347884058952
-172.5,34.5,0.03802764415740967
-170.5,34.5,0.03768925741314888
-168.5,34.5,0.03611084818840027
-166.5,34.5,0.033550236374139786
-164.5,34.5,0.030855856835842133
-162.5,34.5,0.02861797995865345
-160.5,34.5,0.02624271623790264
-158.5,34.5,0.02379792183637619
-156.5,34.5,0.021384192630648613
-154.5,34.5,0.0193504448980093
-152.5,34.5,0.017652515321969986
-150.5,34.5,0.01669641025364399
-148.5,34.5,0.016029292717576027
-146.5,34.5,0.015136756002902985
-144.5,34.5,0.014287351630628109
-142.5,34.5,0.013380036689341068
-140.5,34.5,0.012654094956815243
-138.5,34.5,0.012111503630876541
-136.5,34.5,0.011408664286136627
-134.5,34.5,0.010788517072796822
-132.5,34.5,0.010722250677645206
-130.5,34.5,0.011538191698491573
-128.5,34.5,0.013843649066984653
-126.5,34.5,0.0171692855656147
-124.5,34.5,0.01914960891008377
-122.5,34.5,0.020155908539891243
-120.5,34.5,0.017954004928469658
-76.5,34.5,0.001079778652638197
-74.5,34.5,0.0010726932669058442
-72.5,34.5,0.001099094864912331
-70.5,34.5,0.0011333677684888244
-178.5,36.5,0.036798350512981415
-176.5,36.5,0.03710390254855156
-174.5,36.5,0.0368032343685627
-172.5,36.5,0.03710077330470085
-170.5,36.5,0.03620380163192749
-168.5,36.5,0.03421323746442795
-166.5,36.5,0.03204944357275963
-164.5,36.5,0.030016779899597168
-162.5,36.5,0.02837202697992325
-160.5,36.5,0.026151588186621666
-158.5,36.5,0.02379484660923481
-156.5,36.5,0.02177712693810463
-154.5,36.5,0.01999150589108467
-152.5,36.5,0.018225617706775665
-150.5,36.5,0.01693900115787983
-148.5,36.5,0.015982719138264656
-146.5,36.5,0.015049634501338005
-144.5,36.5,0.014235850423574448
-142.5,36.5,0.013758664019405842
-140.5,36.5,0.013597827404737473
-138.5,36.5,0.01330823265016079
-136.5,36.5,0.012602517381310463
-134.5,36.5,0.012360895052552223
-132.5,36.5,0.012678740546107292
-130.5,36.5,0.013652113266289234
-128.5,36.5,0.015078729018568993
-126.5,36.5,0.01590510830283165
-124.5,36.5,0.015713464468717575
-122.5,36.5,0.009726435877382755
-74.5,36.5,0.001154655241407454
-72.5,36.5,0.0010266773169860244
-70.5,36.5,0.0010092915035784245
-178.5,38.5,0.013386649079620838
-176.5,38.5,0.013719499111175537
-174.5,38.5,0.014092235825955868
-172.5,38.5,0.014315955340862274
-170.5,38.5,0.014406825415790081
-168.5,38.5,0.014163520187139511
-166.5,38.5,0.01406574621796608
-164.5,38.5,0.014683584682643414
-162.5,38.5,0.015515128150582314
-160.5,38.5,0.015773851424455643
-158.5,38.5,0.016135863959789276
-156.5,38.5,0.016602573916316032
-154.5,38.5,0.016262739896774292
-152.5,38.5,0.015551675111055374
-150.5,38.5,0.01487139891833067
-148.5,38.5,0.014550072140991688
-146.5,38.5,0.014241798780858517
-144.5,38.5,0.013644956983625889
-142.5,38.5,0.013212963007390499
-140.5,38.5,0.013126811943948269
-138.5,38.5,0.013368022628128529
-136.5,38.5,0.01338603999465704
-134.5,38.5,0.013507172465324402
-132.5,38.5,0.013614210300147533
-130.5,38.5,0.013622928410768509
-128.5,38.5,0.01366002019494772
-126.5,38.5,0.014191142283380032
-124.5,38.5,0.008187655359506607
-122.5,38.5,0.008669808506965637
-74.5,38.5,0.001179442391730845
-72.5,38.5,0.001146614784374833
-70.5,38.5,0.001073625753633678
-178.5,40.5,0.007358822971582413
-176.5,40.5,0.007253491785377264
-174.5,40.5,0.007164682261645794
-172.5,40.5,0.007157247979193926
-170.5,40.5,0.0072136144153773785
-168.5,40.5,0.007217349950224161
-166.5,40.5,0.007187848445028067
-164.5,40.5,0.0072795674204826355
-162.5,40.5,0.007471110671758652
-160.5,40.5,0.007607932668179274
-158.5,40.5,0.007860518991947174
-156.5,40.5,0.00830952636897564
-154.5,40.5,0.008447827771306038
-152.5,40.5,0.008415590971708298
-150.5,40.5,0.008750791661441326
-148.5,40.5,0.009303384460508823
-146.5,40.5,0.009754826314747334
-144.5,40.5,0.009894441813230515
-142.5,40.5,0.01013244315981865
-140.5,40.5,0.010668201372027397
-138.5,40.5,0.011502583511173725
-136.5,40.5,0.012064983136951923
-134.5,40.5,0.012395357713103294
-132.5,40.5,0.01280924305319786
-130.5,40.5,0.01237513031810522
-128.5,40.5,0.010823776014149189
-126.5,40.5,0.007718259003013372
-124.5,40.5,0.007142848335206509
-70.5,40.5,0.0012768988963216543
-178.5,42.5,0.0058633023872971535
-176.5,42.5,0.005745134316384792
-174.5,42.5,0.005641847848892212
-172.5,42.5,0.005562161095440388
-170.5,42.5,0.005510907620191574
-168.5,42.5,0.005462762899696827
-166.5,42.5,0.005388391204178333
-164.5,42.5,0.005304967053234577
-162.5,42.5,0.005224114283919334
-160.5,42.5,0.005148189142346382
-158.5,42.5,0.005121494177728891
-156.5,42.5,0.005163055844604969
-154.5,42.5,0.0051437001675367355
-152.5,42.5,0.005076075904071331
-150.5,42.5,0.005068101454526186
-148.5,42.5,0.005089715123176575
-146.5,42.5,0.005180574953556061
-144.5,42.5,0.0053000976331532
-142.5,42.5,0.005428220611065626
-140.5,42.5,0.005636610556393862
-138.5,42.5,0.006030817981809378
-136.5,42.5,0.006686519831418991
-134.5,42.5,0.007490845397114754
-132.5,42.5,0.008159883320331573
-130.5,42.5,0.007358553819358349
-128.5,42.5,0.0063409279100596905
-126.5,42.5,0.005160748492926359
-124.5,42.5,0.005515643395483494
-178.5,44.5,0.004817593842744827
-176.5,44.5,0.004705679137259722
-174.5,44.5,0.004616773221641779
-172.5,44.5,0.0045469230972230434
-170.5,44.5,0.004489472135901451
-168.5,44.5,0.0044327094219625
-166.5,44.5,0.004362737759947777
-164.5,44.5,0.004279621876776218
-162.5,44.5,0.004187931772321463
-160.5,44.5,0.004090649075806141
-158.5,44.5,0.003996759187430143
-156.5,44.5,0.003918647766113281
-154.5,44.5,0.003833289723843336
-152.5,44.5,0.0037363299634307623
-150.5,44.5,0.003654490690678358
-148.5,44.5,0.0035847031977027655
-146.5,44.5,0.0035393028520047665
-144.5,44.5,0.003523067105561495
-142.5,44.5,0.003525117179378867
-140.5,44.5,0.0035585060250014067
-138.5,44.5,0.0036461753770709038
-136.5,44.5,0.0038224004674702883
-134.5,44.5,0.004111591726541519
-132.5,44.5,0.004434920847415924
-130.5,44.5,0.004373062867671251
-128.5,44.5,0.004192547407001257
-126.5,44.5,0.00396603113040328
-124.5,44.5,0.004325606860220432
-178.5,46.5,0.003907271195203066
-176.5,46.5,0.0038028093986213207
-174.5,46.5,0.003717753803357482
-172.5,46.5,0.003647572360932827
-170.5,46.5,0.0035863921511918306
-168.5,46.5,0.0035274242982268333
-166.5,46.5,0.003466247580945492
-164.5,46.5,0.003400258719921112
-162.5,46.5,0.0033317916095256805
-160.5,46.5,0.0032617084216326475
-158.5,46.5,0.003190671093761921
-156.5,46.5,0.003120940877124667
-154.5,46.5,0.0030486525502055883
-152.5,46.5,0.0029715809505432844
-150.5,46.5,0.0028984094969928265
-148.5,46.5,0.0028324993327260017
-146.5,46.5,0.0027775943744927645
-144.5,46.5,0.002738693729043007
-142.5,46.5,0.002716825343668461
-140.5,46.5,0.0027088215574622154
-138.5,46.5,0.0027194488793611526
-136.5,46.5,0.0027669009286910295
-134.5,46.5,0.0028635230846703053
-132.5,46.5,0.0029844315722584724
-130.5,46.5,0.003080852795392275
-128.5,46.5,0.0032174205407500267
-126.5,46.5,0.0033670172560960054
-124.5,46.5,0.003583473851904273
-178.5,48.5,0.0031770169734954834
-176.5,48.5,0.003084401600062847
-174.5,48.5,0.0030056864488869905
-172.5,48.5,0.0029381748754531145
-170.5,48.5,0.0028786964248865843
-168.5,48.5,0.0028226012364029884
-166.5,48.5,0.0027643367648124695
-164.5,48.5,0.0027054045349359512
-162.5,48.5,0.002646731212735176
-160.5,48.5,0.002589575480669737
-158.5,48.5,0.0025343047454953194
-156.5,48.5,0.0024817746598273516
-154.5,48.5,0.0024292548187077045
-152.5,48.5,0.002376772928982973
-150.5,48.5,0.0023272440303117037
-148.5,48.5,0.0022832443937659264
-146.5,48.5,0.002247526776045561
-144.5,48.5,0.002222372917458415
-142.5,48.5,0.0022087006364017725
-140.5,48.5,0.0022068575490266085
-138.5,48.5,0.0022207978181540966
-136.5,48.5,0.0022591270972043276
-134.5,48.5,0.002325353678315878
-132.5,48.5,0.0024137054570019245
-130.5,48.5,0.0025310032069683075
-128.5,48.5,0.0027129219379276037
-126.5,48.5,0.0029188210610300303
-124.5,48.5,0.003164664376527071
